nama_variabel;nama_variabel_turunan;nama_tahun;nama_turunan_tahun;data_content;nama_item_vertical_variabel
"Jumlah Penumpang Pesawat di Bandara Utama";"Keberangkatan pada Penerbangan Domestik";2006;Januari;169652;Polonia
"Jumlah Penumpang Pesawat di Bandara Utama";"Keberangkatan pada Penerbangan Domestik";2006;Januari;1005200;"Soekarno Hatta"
"Jumlah Penumpang Pesawat di Bandara Utama";"Keberangkatan pada Penerbangan Domestik";2006;Januari;329764;Juanda
"Jumlah Penumpang Pesawat di Bandara Utama";"Keberangkatan pada Penerbangan Domestik";2006;Januari;136457;"Ngurah Rai"
"Jumlah Penumpang Pesawat di Bandara Utama";"Keberangkatan pada Penerbangan Domestik";2006;Januari;109646;Hasanudin
"Jumlah Penumpang Pesawat di Bandara Utama";"Keberangkatan pada Penerbangan Domestik";2006;Februari;138623;Polonia
"Jumlah Penumpang Pesawat di Bandara Utama";"Keberangkatan pada Penerbangan Domestik";2006;Februari;723717;"Soekarno Hatta"
"Jumlah Penumpang Pesawat di Bandara Utama";"Keberangkatan pada Penerbangan Domestik";2006;Februari;257149;Juanda
"Jumlah Penumpang Pesawat di Bandara Utama";"Keberangkatan pada Penerbangan Domestik";2006;Februari;107825;"Ngurah Rai"
"Jumlah Penumpang Pesawat di Bandara Utama";"Keberangkatan pada Penerbangan Domestik";2006;Februari;93528;Hasanudin
"Jumlah Penumpang Pesawat di Bandara Utama";"Keberangkatan pada Penerbangan Domestik";2006;Maret;125954;Polonia
"Jumlah Penumpang Pesawat di Bandara Utama";"Keberangkatan pada Penerbangan Domestik";2006;Maret;863592;"Soekarno Hatta"
"Jumlah Penumpang Pesawat di Bandara Utama";"Keberangkatan pada Penerbangan Domestik";2006;Maret;280060;Juanda
"Jumlah Penumpang Pesawat di Bandara Utama";"Keberangkatan pada Penerbangan Domestik";2006;Maret;119168;"Ngurah Rai"
"Jumlah Penumpang Pesawat di Bandara Utama";"Keberangkatan pada Penerbangan Domestik";2006;Maret;105850;Hasanudin
"Jumlah Penumpang Pesawat di Bandara Utama";"Keberangkatan pada Penerbangan Domestik";2006;April;156892;Polonia
"Jumlah Penumpang Pesawat di Bandara Utama";"Keberangkatan pada Penerbangan Domestik";2006;April;867901;"Soekarno Hatta"
"Jumlah Penumpang Pesawat di Bandara Utama";"Keberangkatan pada Penerbangan Domestik";2006;April;291600;Juanda
"Jumlah Penumpang Pesawat di Bandara Utama";"Keberangkatan pada Penerbangan Domestik";2006;April;142807;"Ngurah Rai"
"Jumlah Penumpang Pesawat di Bandara Utama";"Keberangkatan pada Penerbangan Domestik";2006;April;108381;Hasanudin
"Jumlah Penumpang Pesawat di Bandara Utama";"Keberangkatan pada Penerbangan Domestik";2006;Mei;147322;Polonia
"Jumlah Penumpang Pesawat di Bandara Utama";"Keberangkatan pada Penerbangan Domestik";2006;Mei;864382;"Soekarno Hatta"
"Jumlah Penumpang Pesawat di Bandara Utama";"Keberangkatan pada Penerbangan Domestik";2006;Mei;295221;Juanda
"Jumlah Penumpang Pesawat di Bandara Utama";"Keberangkatan pada Penerbangan Domestik";2006;Mei;125653;"Ngurah Rai"
"Jumlah Penumpang Pesawat di Bandara Utama";"Keberangkatan pada Penerbangan Domestik";2006;Mei;111989;Hasanudin
"Jumlah Penumpang Pesawat di Bandara Utama";"Keberangkatan pada Penerbangan Domestik";2006;Juni;149066;Polonia
"Jumlah Penumpang Pesawat di Bandara Utama";"Keberangkatan pada Penerbangan Domestik";2006;Juni;879827;"Soekarno Hatta"
"Jumlah Penumpang Pesawat di Bandara Utama";"Keberangkatan pada Penerbangan Domestik";2006;Juni;297728;Juanda
"Jumlah Penumpang Pesawat di Bandara Utama";"Keberangkatan pada Penerbangan Domestik";2006;Juni;134069;"Ngurah Rai"
"Jumlah Penumpang Pesawat di Bandara Utama";"Keberangkatan pada Penerbangan Domestik";2006;Juni;119449;Hasanudin
"Jumlah Penumpang Pesawat di Bandara Utama";"Keberangkatan pada Penerbangan Domestik";2006;Juli;174983;Polonia
"Jumlah Penumpang Pesawat di Bandara Utama";"Keberangkatan pada Penerbangan Domestik";2006;Juli;1019569;"Soekarno Hatta"
"Jumlah Penumpang Pesawat di Bandara Utama";"Keberangkatan pada Penerbangan Domestik";2006;Juli;337635;Juanda
"Jumlah Penumpang Pesawat di Bandara Utama";"Keberangkatan pada Penerbangan Domestik";2006;Juli;165858;"Ngurah Rai"
"Jumlah Penumpang Pesawat di Bandara Utama";"Keberangkatan pada Penerbangan Domestik";2006;Juli;141863;Hasanudin
"Jumlah Penumpang Pesawat di Bandara Utama";"Keberangkatan pada Penerbangan Domestik";2006;Agustus;161806;Polonia
"Jumlah Penumpang Pesawat di Bandara Utama";"Keberangkatan pada Penerbangan Domestik";2006;Agustus;938124;"Soekarno Hatta"
"Jumlah Penumpang Pesawat di Bandara Utama";"Keberangkatan pada Penerbangan Domestik";2006;Agustus;326158;Juanda
"Jumlah Penumpang Pesawat di Bandara Utama";"Keberangkatan pada Penerbangan Domestik";2006;Agustus;154563;"Ngurah Rai"
"Jumlah Penumpang Pesawat di Bandara Utama";"Keberangkatan pada Penerbangan Domestik";2006;Agustus;133200;Hasanudin
"Jumlah Penumpang Pesawat di Bandara Utama";"Keberangkatan pada Penerbangan Domestik";2006;September;150232;Polonia
"Jumlah Penumpang Pesawat di Bandara Utama";"Keberangkatan pada Penerbangan Domestik";2006;September;877088;"Soekarno Hatta"
"Jumlah Penumpang Pesawat di Bandara Utama";"Keberangkatan pada Penerbangan Domestik";2006;September;284216;Juanda
"Jumlah Penumpang Pesawat di Bandara Utama";"Keberangkatan pada Penerbangan Domestik";2006;September;143650;"Ngurah Rai"
"Jumlah Penumpang Pesawat di Bandara Utama";"Keberangkatan pada Penerbangan Domestik";2006;September;124353;Hasanudin
"Jumlah Penumpang Pesawat di Bandara Utama";"Keberangkatan pada Penerbangan Domestik";2006;Oktober;141810;Polonia
"Jumlah Penumpang Pesawat di Bandara Utama";"Keberangkatan pada Penerbangan Domestik";2006;Oktober;828707;"Soekarno Hatta"
"Jumlah Penumpang Pesawat di Bandara Utama";"Keberangkatan pada Penerbangan Domestik";2006;Oktober;255118;Juanda
"Jumlah Penumpang Pesawat di Bandara Utama";"Keberangkatan pada Penerbangan Domestik";2006;Oktober;130328;"Ngurah Rai"
"Jumlah Penumpang Pesawat di Bandara Utama";"Keberangkatan pada Penerbangan Domestik";2006;Oktober;107728;Hasanudin
"Jumlah Penumpang Pesawat di Bandara Utama";"Keberangkatan pada Penerbangan Domestik";2006;November;173411;Polonia
"Jumlah Penumpang Pesawat di Bandara Utama";"Keberangkatan pada Penerbangan Domestik";2006;November;977587;"Soekarno Hatta"
"Jumlah Penumpang Pesawat di Bandara Utama";"Keberangkatan pada Penerbangan Domestik";2006;November;284825;Juanda
"Jumlah Penumpang Pesawat di Bandara Utama";"Keberangkatan pada Penerbangan Domestik";2006;November;144359;"Ngurah Rai"
"Jumlah Penumpang Pesawat di Bandara Utama";"Keberangkatan pada Penerbangan Domestik";2006;November;133415;Hasanudin
"Jumlah Penumpang Pesawat di Bandara Utama";"Keberangkatan pada Penerbangan Domestik";2006;Desember;158444;Polonia
"Jumlah Penumpang Pesawat di Bandara Utama";"Keberangkatan pada Penerbangan Domestik";2006;Desember;1034103;"Soekarno Hatta"
"Jumlah Penumpang Pesawat di Bandara Utama";"Keberangkatan pada Penerbangan Domestik";2006;Desember;312713;Juanda
"Jumlah Penumpang Pesawat di Bandara Utama";"Keberangkatan pada Penerbangan Domestik";2006;Desember;154584;"Ngurah Rai"
"Jumlah Penumpang Pesawat di Bandara Utama";"Keberangkatan pada Penerbangan Domestik";2006;Desember;123649;Hasanudin
"Jumlah Penumpang Pesawat di Bandara Utama";"Keberangkatan pada Penerbangan Domestik";2007;Januari;178255;Polonia
"Jumlah Penumpang Pesawat di Bandara Utama";"Keberangkatan pada Penerbangan Domestik";2007;Januari;866735;"Soekarno Hatta"
"Jumlah Penumpang Pesawat di Bandara Utama";"Keberangkatan pada Penerbangan Domestik";2007;Januari;301274;Juanda
"Jumlah Penumpang Pesawat di Bandara Utama";"Keberangkatan pada Penerbangan Domestik";2007;Januari;151069;"Ngurah Rai"
"Jumlah Penumpang Pesawat di Bandara Utama";"Keberangkatan pada Penerbangan Domestik";2007;Januari;119125;Hasanudin
"Jumlah Penumpang Pesawat di Bandara Utama";"Keberangkatan pada Penerbangan Domestik";2007;Februari;137660;Polonia
"Jumlah Penumpang Pesawat di Bandara Utama";"Keberangkatan pada Penerbangan Domestik";2007;Februari;635230;"Soekarno Hatta"
"Jumlah Penumpang Pesawat di Bandara Utama";"Keberangkatan pada Penerbangan Domestik";2007;Februari;236082;Juanda
"Jumlah Penumpang Pesawat di Bandara Utama";"Keberangkatan pada Penerbangan Domestik";2007;Februari;112306;"Ngurah Rai"
"Jumlah Penumpang Pesawat di Bandara Utama";"Keberangkatan pada Penerbangan Domestik";2007;Februari;93441;Hasanudin
"Jumlah Penumpang Pesawat di Bandara Utama";"Keberangkatan pada Penerbangan Domestik";2007;Maret;156088;Polonia
"Jumlah Penumpang Pesawat di Bandara Utama";"Keberangkatan pada Penerbangan Domestik";2007;Maret;830228;"Soekarno Hatta"
"Jumlah Penumpang Pesawat di Bandara Utama";"Keberangkatan pada Penerbangan Domestik";2007;Maret;270626;Juanda
"Jumlah Penumpang Pesawat di Bandara Utama";"Keberangkatan pada Penerbangan Domestik";2007;Maret;128666;"Ngurah Rai"
"Jumlah Penumpang Pesawat di Bandara Utama";"Keberangkatan pada Penerbangan Domestik";2007;Maret;110552;Hasanudin
"Jumlah Penumpang Pesawat di Bandara Utama";"Keberangkatan pada Penerbangan Domestik";2007;April;162801;Polonia
"Jumlah Penumpang Pesawat di Bandara Utama";"Keberangkatan pada Penerbangan Domestik";2007;April;1134174;"Soekarno Hatta"
"Jumlah Penumpang Pesawat di Bandara Utama";"Keberangkatan pada Penerbangan Domestik";2007;April;270891;Juanda
"Jumlah Penumpang Pesawat di Bandara Utama";"Keberangkatan pada Penerbangan Domestik";2007;April;136348;"Ngurah Rai"
"Jumlah Penumpang Pesawat di Bandara Utama";"Keberangkatan pada Penerbangan Domestik";2007;April;111920;Hasanudin
"Jumlah Penumpang Pesawat di Bandara Utama";"Keberangkatan pada Penerbangan Domestik";2007;Mei;162798;Polonia
"Jumlah Penumpang Pesawat di Bandara Utama";"Keberangkatan pada Penerbangan Domestik";2007;Mei;994805;"Soekarno Hatta"
"Jumlah Penumpang Pesawat di Bandara Utama";"Keberangkatan pada Penerbangan Domestik";2007;Mei;288669;Juanda
"Jumlah Penumpang Pesawat di Bandara Utama";"Keberangkatan pada Penerbangan Domestik";2007;Mei;152837;"Ngurah Rai"
"Jumlah Penumpang Pesawat di Bandara Utama";"Keberangkatan pada Penerbangan Domestik";2007;Mei;124718;Hasanudin
"Jumlah Penumpang Pesawat di Bandara Utama";"Keberangkatan pada Penerbangan Domestik";2007;Juni;176319;Polonia
"Jumlah Penumpang Pesawat di Bandara Utama";"Keberangkatan pada Penerbangan Domestik";2007;Juni;1001621;"Soekarno Hatta"
"Jumlah Penumpang Pesawat di Bandara Utama";"Keberangkatan pada Penerbangan Domestik";2007;Juni;288314;Juanda
"Jumlah Penumpang Pesawat di Bandara Utama";"Keberangkatan pada Penerbangan Domestik";2007;Juni;164609;"Ngurah Rai"
"Jumlah Penumpang Pesawat di Bandara Utama";"Keberangkatan pada Penerbangan Domestik";2007;Juni;121728;Hasanudin
"Jumlah Penumpang Pesawat di Bandara Utama";"Keberangkatan pada Penerbangan Domestik";2007;Juli;202323;Polonia
"Jumlah Penumpang Pesawat di Bandara Utama";"Keberangkatan pada Penerbangan Domestik";2007;Juli;1143997;"Soekarno Hatta"
"Jumlah Penumpang Pesawat di Bandara Utama";"Keberangkatan pada Penerbangan Domestik";2007;Juli;340639;Juanda
"Jumlah Penumpang Pesawat di Bandara Utama";"Keberangkatan pada Penerbangan Domestik";2007;Juli;203672;"Ngurah Rai"
"Jumlah Penumpang Pesawat di Bandara Utama";"Keberangkatan pada Penerbangan Domestik";2007;Juli;143273;Hasanudin
"Jumlah Penumpang Pesawat di Bandara Utama";"Keberangkatan pada Penerbangan Domestik";2007;Agustus;184786;Polonia
"Jumlah Penumpang Pesawat di Bandara Utama";"Keberangkatan pada Penerbangan Domestik";2007;Agustus;1065390;"Soekarno Hatta"
"Jumlah Penumpang Pesawat di Bandara Utama";"Keberangkatan pada Penerbangan Domestik";2007;Agustus;321013;Juanda
"Jumlah Penumpang Pesawat di Bandara Utama";"Keberangkatan pada Penerbangan Domestik";2007;Agustus;191489;"Ngurah Rai"
"Jumlah Penumpang Pesawat di Bandara Utama";"Keberangkatan pada Penerbangan Domestik";2007;Agustus;142540;Hasanudin
"Jumlah Penumpang Pesawat di Bandara Utama";"Keberangkatan pada Penerbangan Domestik";2007;September;161437;Polonia
"Jumlah Penumpang Pesawat di Bandara Utama";"Keberangkatan pada Penerbangan Domestik";2007;September;892920;"Soekarno Hatta"
"Jumlah Penumpang Pesawat di Bandara Utama";"Keberangkatan pada Penerbangan Domestik";2007;September;269195;Juanda
"Jumlah Penumpang Pesawat di Bandara Utama";"Keberangkatan pada Penerbangan Domestik";2007;September;152411;"Ngurah Rai"
"Jumlah Penumpang Pesawat di Bandara Utama";"Keberangkatan pada Penerbangan Domestik";2007;September;143965;Hasanudin
"Jumlah Penumpang Pesawat di Bandara Utama";"Keberangkatan pada Penerbangan Domestik";2007;Oktober;188249;Polonia
"Jumlah Penumpang Pesawat di Bandara Utama";"Keberangkatan pada Penerbangan Domestik";2007;Oktober;1118994;"Soekarno Hatta"
"Jumlah Penumpang Pesawat di Bandara Utama";"Keberangkatan pada Penerbangan Domestik";2007;Oktober;327779;Juanda
"Jumlah Penumpang Pesawat di Bandara Utama";"Keberangkatan pada Penerbangan Domestik";2007;Oktober;189543;"Ngurah Rai"
"Jumlah Penumpang Pesawat di Bandara Utama";"Keberangkatan pada Penerbangan Domestik";2007;Oktober;172130;Hasanudin
"Jumlah Penumpang Pesawat di Bandara Utama";"Keberangkatan pada Penerbangan Domestik";2007;November;174431;Polonia
"Jumlah Penumpang Pesawat di Bandara Utama";"Keberangkatan pada Penerbangan Domestik";2007;November;1080602;"Soekarno Hatta"
"Jumlah Penumpang Pesawat di Bandara Utama";"Keberangkatan pada Penerbangan Domestik";2007;November;332135;Juanda
"Jumlah Penumpang Pesawat di Bandara Utama";"Keberangkatan pada Penerbangan Domestik";2007;November;168766;"Ngurah Rai"
"Jumlah Penumpang Pesawat di Bandara Utama";"Keberangkatan pada Penerbangan Domestik";2007;November;158002;Hasanudin
"Jumlah Penumpang Pesawat di Bandara Utama";"Keberangkatan pada Penerbangan Domestik";2007;Desember;172387;Polonia
"Jumlah Penumpang Pesawat di Bandara Utama";"Keberangkatan pada Penerbangan Domestik";2007;Desember;1133595;"Soekarno Hatta"
"Jumlah Penumpang Pesawat di Bandara Utama";"Keberangkatan pada Penerbangan Domestik";2007;Desember;324457;Juanda
"Jumlah Penumpang Pesawat di Bandara Utama";"Keberangkatan pada Penerbangan Domestik";2007;Desember;190508;"Ngurah Rai"
"Jumlah Penumpang Pesawat di Bandara Utama";"Keberangkatan pada Penerbangan Domestik";2007;Desember;182100;Hasanudin
"Jumlah Penumpang Pesawat di Bandara Utama";"Keberangkatan pada Penerbangan Domestik";2008;Januari;202989;Polonia
"Jumlah Penumpang Pesawat di Bandara Utama";"Keberangkatan pada Penerbangan Domestik";2008;Januari;1034289;"Soekarno Hatta"
"Jumlah Penumpang Pesawat di Bandara Utama";"Keberangkatan pada Penerbangan Domestik";2008;Januari;328446;Juanda
"Jumlah Penumpang Pesawat di Bandara Utama";"Keberangkatan pada Penerbangan Domestik";2008;Januari;179548;"Ngurah Rai"
"Jumlah Penumpang Pesawat di Bandara Utama";"Keberangkatan pada Penerbangan Domestik";2008;Januari;139850;Hasanudin
"Jumlah Penumpang Pesawat di Bandara Utama";"Keberangkatan pada Penerbangan Domestik";2008;Februari;165375;Polonia
"Jumlah Penumpang Pesawat di Bandara Utama";"Keberangkatan pada Penerbangan Domestik";2008;Februari;928984;"Soekarno Hatta"
"Jumlah Penumpang Pesawat di Bandara Utama";"Keberangkatan pada Penerbangan Domestik";2008;Februari;282242;Juanda
"Jumlah Penumpang Pesawat di Bandara Utama";"Keberangkatan pada Penerbangan Domestik";2008;Februari;160440;"Ngurah Rai"
"Jumlah Penumpang Pesawat di Bandara Utama";"Keberangkatan pada Penerbangan Domestik";2008;Februari;120389;Hasanudin
"Jumlah Penumpang Pesawat di Bandara Utama";"Keberangkatan pada Penerbangan Domestik";2008;Maret;176427;Polonia
"Jumlah Penumpang Pesawat di Bandara Utama";"Keberangkatan pada Penerbangan Domestik";2008;Maret;1046821;"Soekarno Hatta"
"Jumlah Penumpang Pesawat di Bandara Utama";"Keberangkatan pada Penerbangan Domestik";2008;Maret;310829;Juanda
"Jumlah Penumpang Pesawat di Bandara Utama";"Keberangkatan pada Penerbangan Domestik";2008;Maret;176039;"Ngurah Rai"
"Jumlah Penumpang Pesawat di Bandara Utama";"Keberangkatan pada Penerbangan Domestik";2008;Maret;130313;Hasanudin
"Jumlah Penumpang Pesawat di Bandara Utama";"Keberangkatan pada Penerbangan Domestik";2008;April;165088;Polonia
"Jumlah Penumpang Pesawat di Bandara Utama";"Keberangkatan pada Penerbangan Domestik";2008;April;924350;"Soekarno Hatta"
"Jumlah Penumpang Pesawat di Bandara Utama";"Keberangkatan pada Penerbangan Domestik";2008;April;275959;Juanda
"Jumlah Penumpang Pesawat di Bandara Utama";"Keberangkatan pada Penerbangan Domestik";2008;April;153204;"Ngurah Rai"
"Jumlah Penumpang Pesawat di Bandara Utama";"Keberangkatan pada Penerbangan Domestik";2008;April;118046;Hasanudin
"Jumlah Penumpang Pesawat di Bandara Utama";"Keberangkatan pada Penerbangan Domestik";2008;Mei;156609;Polonia
"Jumlah Penumpang Pesawat di Bandara Utama";"Keberangkatan pada Penerbangan Domestik";2008;Mei;966971;"Soekarno Hatta"
"Jumlah Penumpang Pesawat di Bandara Utama";"Keberangkatan pada Penerbangan Domestik";2008;Mei;281806;Juanda
"Jumlah Penumpang Pesawat di Bandara Utama";"Keberangkatan pada Penerbangan Domestik";2008;Mei;172161;"Ngurah Rai"
"Jumlah Penumpang Pesawat di Bandara Utama";"Keberangkatan pada Penerbangan Domestik";2008;Mei;139983;Hasanudin
"Jumlah Penumpang Pesawat di Bandara Utama";"Keberangkatan pada Penerbangan Domestik";2008;Juni;157456;Polonia
"Jumlah Penumpang Pesawat di Bandara Utama";"Keberangkatan pada Penerbangan Domestik";2008;Juni;981207;"Soekarno Hatta"
"Jumlah Penumpang Pesawat di Bandara Utama";"Keberangkatan pada Penerbangan Domestik";2008;Juni;281428;Juanda
"Jumlah Penumpang Pesawat di Bandara Utama";"Keberangkatan pada Penerbangan Domestik";2008;Juni;172523;"Ngurah Rai"
"Jumlah Penumpang Pesawat di Bandara Utama";"Keberangkatan pada Penerbangan Domestik";2008;Juni;128220;Hasanudin
"Jumlah Penumpang Pesawat di Bandara Utama";"Keberangkatan pada Penerbangan Domestik";2008;Juli;166174;Polonia
"Jumlah Penumpang Pesawat di Bandara Utama";"Keberangkatan pada Penerbangan Domestik";2008;Juli;1083393;"Soekarno Hatta"
"Jumlah Penumpang Pesawat di Bandara Utama";"Keberangkatan pada Penerbangan Domestik";2008;Juli;313235;Juanda
"Jumlah Penumpang Pesawat di Bandara Utama";"Keberangkatan pada Penerbangan Domestik";2008;Juli;200267;"Ngurah Rai"
"Jumlah Penumpang Pesawat di Bandara Utama";"Keberangkatan pada Penerbangan Domestik";2008;Juli;139306;Hasanudin
"Jumlah Penumpang Pesawat di Bandara Utama";"Keberangkatan pada Penerbangan Domestik";2008;Agustus;164588;Polonia
"Jumlah Penumpang Pesawat di Bandara Utama";"Keberangkatan pada Penerbangan Domestik";2008;Agustus;1046971;"Soekarno Hatta"
"Jumlah Penumpang Pesawat di Bandara Utama";"Keberangkatan pada Penerbangan Domestik";2008;Agustus;298881;Juanda
"Jumlah Penumpang Pesawat di Bandara Utama";"Keberangkatan pada Penerbangan Domestik";2008;Agustus;200401;"Ngurah Rai"
"Jumlah Penumpang Pesawat di Bandara Utama";"Keberangkatan pada Penerbangan Domestik";2008;Agustus;140024;Hasanudin
"Jumlah Penumpang Pesawat di Bandara Utama";"Keberangkatan pada Penerbangan Domestik";2008;September;125256;Polonia
"Jumlah Penumpang Pesawat di Bandara Utama";"Keberangkatan pada Penerbangan Domestik";2008;September;806762;"Soekarno Hatta"
"Jumlah Penumpang Pesawat di Bandara Utama";"Keberangkatan pada Penerbangan Domestik";2008;September;221823;Juanda
"Jumlah Penumpang Pesawat di Bandara Utama";"Keberangkatan pada Penerbangan Domestik";2008;September;120893;"Ngurah Rai"
"Jumlah Penumpang Pesawat di Bandara Utama";"Keberangkatan pada Penerbangan Domestik";2008;September;100717;Hasanudin
"Jumlah Penumpang Pesawat di Bandara Utama";"Keberangkatan pada Penerbangan Domestik";2008;Oktober;168395;Polonia
"Jumlah Penumpang Pesawat di Bandara Utama";"Keberangkatan pada Penerbangan Domestik";2008;Oktober;1002079;"Soekarno Hatta"
"Jumlah Penumpang Pesawat di Bandara Utama";"Keberangkatan pada Penerbangan Domestik";2008;Oktober;340406;Juanda
"Jumlah Penumpang Pesawat di Bandara Utama";"Keberangkatan pada Penerbangan Domestik";2008;Oktober;181919;"Ngurah Rai"
"Jumlah Penumpang Pesawat di Bandara Utama";"Keberangkatan pada Penerbangan Domestik";2008;Oktober;144726;Hasanudin
"Jumlah Penumpang Pesawat di Bandara Utama";"Keberangkatan pada Penerbangan Domestik";2008;November;151261;Polonia
"Jumlah Penumpang Pesawat di Bandara Utama";"Keberangkatan pada Penerbangan Domestik";2008;November;970318;"Soekarno Hatta"
"Jumlah Penumpang Pesawat di Bandara Utama";"Keberangkatan pada Penerbangan Domestik";2008;November;294919;Juanda
"Jumlah Penumpang Pesawat di Bandara Utama";"Keberangkatan pada Penerbangan Domestik";2008;November;161790;"Ngurah Rai"
"Jumlah Penumpang Pesawat di Bandara Utama";"Keberangkatan pada Penerbangan Domestik";2008;November;138028;Hasanudin
"Jumlah Penumpang Pesawat di Bandara Utama";"Keberangkatan pada Penerbangan Domestik";2008;Desember;155079;Polonia
"Jumlah Penumpang Pesawat di Bandara Utama";"Keberangkatan pada Penerbangan Domestik";2008;Desember;1098045;"Soekarno Hatta"
"Jumlah Penumpang Pesawat di Bandara Utama";"Keberangkatan pada Penerbangan Domestik";2008;Desember;309608;Juanda
"Jumlah Penumpang Pesawat di Bandara Utama";"Keberangkatan pada Penerbangan Domestik";2008;Desember;174226;"Ngurah Rai"
"Jumlah Penumpang Pesawat di Bandara Utama";"Keberangkatan pada Penerbangan Domestik";2008;Desember;138659;Hasanudin
"Jumlah Penumpang Pesawat di Bandara Utama";"Keberangkatan pada Penerbangan Domestik";2009;Januari;175756;Polonia
"Jumlah Penumpang Pesawat di Bandara Utama";"Keberangkatan pada Penerbangan Domestik";2009;Januari;980935;"Soekarno Hatta"
"Jumlah Penumpang Pesawat di Bandara Utama";"Keberangkatan pada Penerbangan Domestik";2009;Januari;331528;Juanda
"Jumlah Penumpang Pesawat di Bandara Utama";"Keberangkatan pada Penerbangan Domestik";2009;Januari;176843;"Ngurah Rai"
"Jumlah Penumpang Pesawat di Bandara Utama";"Keberangkatan pada Penerbangan Domestik";2009;Januari;140407;Hasanudin
"Jumlah Penumpang Pesawat di Bandara Utama";"Keberangkatan pada Penerbangan Domestik";2009;Februari;149527;Polonia
"Jumlah Penumpang Pesawat di Bandara Utama";"Keberangkatan pada Penerbangan Domestik";2009;Februari;895941;"Soekarno Hatta"
"Jumlah Penumpang Pesawat di Bandara Utama";"Keberangkatan pada Penerbangan Domestik";2009;Februari;289383;Juanda
"Jumlah Penumpang Pesawat di Bandara Utama";"Keberangkatan pada Penerbangan Domestik";2009;Februari;136246;"Ngurah Rai"
"Jumlah Penumpang Pesawat di Bandara Utama";"Keberangkatan pada Penerbangan Domestik";2009;Februari;127764;Hasanudin
"Jumlah Penumpang Pesawat di Bandara Utama";"Keberangkatan pada Penerbangan Domestik";2009;Maret;170956;Polonia
"Jumlah Penumpang Pesawat di Bandara Utama";"Keberangkatan pada Penerbangan Domestik";2009;Maret;1074410;"Soekarno Hatta"
"Jumlah Penumpang Pesawat di Bandara Utama";"Keberangkatan pada Penerbangan Domestik";2009;Maret;319658;Juanda
"Jumlah Penumpang Pesawat di Bandara Utama";"Keberangkatan pada Penerbangan Domestik";2009;Maret;162372;"Ngurah Rai"
"Jumlah Penumpang Pesawat di Bandara Utama";"Keberangkatan pada Penerbangan Domestik";2009;Maret;147110;Hasanudin
"Jumlah Penumpang Pesawat di Bandara Utama";"Keberangkatan pada Penerbangan Domestik";2009;April;159213;Polonia
"Jumlah Penumpang Pesawat di Bandara Utama";"Keberangkatan pada Penerbangan Domestik";2009;April;966568;"Soekarno Hatta"
"Jumlah Penumpang Pesawat di Bandara Utama";"Keberangkatan pada Penerbangan Domestik";2009;April;311808;Juanda
"Jumlah Penumpang Pesawat di Bandara Utama";"Keberangkatan pada Penerbangan Domestik";2009;April;157008;"Ngurah Rai"
"Jumlah Penumpang Pesawat di Bandara Utama";"Keberangkatan pada Penerbangan Domestik";2009;April;135680;Hasanudin
"Jumlah Penumpang Pesawat di Bandara Utama";"Keberangkatan pada Penerbangan Domestik";2009;Mei;154947;Polonia
"Jumlah Penumpang Pesawat di Bandara Utama";"Keberangkatan pada Penerbangan Domestik";2009;Mei;1178594;"Soekarno Hatta"
"Jumlah Penumpang Pesawat di Bandara Utama";"Keberangkatan pada Penerbangan Domestik";2009;Mei;337949;Juanda
"Jumlah Penumpang Pesawat di Bandara Utama";"Keberangkatan pada Penerbangan Domestik";2009;Mei;191972;"Ngurah Rai"
"Jumlah Penumpang Pesawat di Bandara Utama";"Keberangkatan pada Penerbangan Domestik";2009;Mei;151062;Hasanudin
"Jumlah Penumpang Pesawat di Bandara Utama";"Keberangkatan pada Penerbangan Domestik";2009;Juni;174902;Polonia
"Jumlah Penumpang Pesawat di Bandara Utama";"Keberangkatan pada Penerbangan Domestik";2009;Juni;1164179;"Soekarno Hatta"
"Jumlah Penumpang Pesawat di Bandara Utama";"Keberangkatan pada Penerbangan Domestik";2009;Juni;356683;Juanda
"Jumlah Penumpang Pesawat di Bandara Utama";"Keberangkatan pada Penerbangan Domestik";2009;Juni;193138;"Ngurah Rai"
"Jumlah Penumpang Pesawat di Bandara Utama";"Keberangkatan pada Penerbangan Domestik";2009;Juni;150541;Hasanudin
"Jumlah Penumpang Pesawat di Bandara Utama";"Keberangkatan pada Penerbangan Domestik";2009;Juli;190562;Polonia
"Jumlah Penumpang Pesawat di Bandara Utama";"Keberangkatan pada Penerbangan Domestik";2009;Juli;1249817;"Soekarno Hatta"
"Jumlah Penumpang Pesawat di Bandara Utama";"Keberangkatan pada Penerbangan Domestik";2009;Juli;391103;Juanda
"Jumlah Penumpang Pesawat di Bandara Utama";"Keberangkatan pada Penerbangan Domestik";2009;Juli;225442;"Ngurah Rai"
"Jumlah Penumpang Pesawat di Bandara Utama";"Keberangkatan pada Penerbangan Domestik";2009;Juli;163200;Hasanudin
"Jumlah Penumpang Pesawat di Bandara Utama";"Keberangkatan pada Penerbangan Domestik";2009;Agustus;140257;Polonia
"Jumlah Penumpang Pesawat di Bandara Utama";"Keberangkatan pada Penerbangan Domestik";2009;Agustus;1127694;"Soekarno Hatta"
"Jumlah Penumpang Pesawat di Bandara Utama";"Keberangkatan pada Penerbangan Domestik";2009;Agustus;381083;Juanda
"Jumlah Penumpang Pesawat di Bandara Utama";"Keberangkatan pada Penerbangan Domestik";2009;Agustus;212774;"Ngurah Rai"
"Jumlah Penumpang Pesawat di Bandara Utama";"Keberangkatan pada Penerbangan Domestik";2009;Agustus;157696;Hasanudin
"Jumlah Penumpang Pesawat di Bandara Utama";"Keberangkatan pada Penerbangan Domestik";2009;September;157384;Polonia
"Jumlah Penumpang Pesawat di Bandara Utama";"Keberangkatan pada Penerbangan Domestik";2009;September;1042837;"Soekarno Hatta"
"Jumlah Penumpang Pesawat di Bandara Utama";"Keberangkatan pada Penerbangan Domestik";2009;September;308402;Juanda
"Jumlah Penumpang Pesawat di Bandara Utama";"Keberangkatan pada Penerbangan Domestik";2009;September;183247;"Ngurah Rai"
"Jumlah Penumpang Pesawat di Bandara Utama";"Keberangkatan pada Penerbangan Domestik";2009;September;148946;Hasanudin
"Jumlah Penumpang Pesawat di Bandara Utama";"Keberangkatan pada Penerbangan Domestik";2009;Oktober;194955;Polonia
"Jumlah Penumpang Pesawat di Bandara Utama";"Keberangkatan pada Penerbangan Domestik";2009;Oktober;1244928;"Soekarno Hatta"
"Jumlah Penumpang Pesawat di Bandara Utama";"Keberangkatan pada Penerbangan Domestik";2009;Oktober;433271;Juanda
"Jumlah Penumpang Pesawat di Bandara Utama";"Keberangkatan pada Penerbangan Domestik";2009;Oktober;202924;"Ngurah Rai"
"Jumlah Penumpang Pesawat di Bandara Utama";"Keberangkatan pada Penerbangan Domestik";2009;Oktober;178119;Hasanudin
"Jumlah Penumpang Pesawat di Bandara Utama";"Keberangkatan pada Penerbangan Domestik";2009;November;171558;Polonia
"Jumlah Penumpang Pesawat di Bandara Utama";"Keberangkatan pada Penerbangan Domestik";2009;November;1174931;"Soekarno Hatta"
"Jumlah Penumpang Pesawat di Bandara Utama";"Keberangkatan pada Penerbangan Domestik";2009;November;427065;Juanda
"Jumlah Penumpang Pesawat di Bandara Utama";"Keberangkatan pada Penerbangan Domestik";2009;November;199246;"Ngurah Rai"
"Jumlah Penumpang Pesawat di Bandara Utama";"Keberangkatan pada Penerbangan Domestik";2009;November;160807;Hasanudin
"Jumlah Penumpang Pesawat di Bandara Utama";"Keberangkatan pada Penerbangan Domestik";2009;Desember;186619;Polonia
"Jumlah Penumpang Pesawat di Bandara Utama";"Keberangkatan pada Penerbangan Domestik";2009;Desember;1293066;"Soekarno Hatta"
"Jumlah Penumpang Pesawat di Bandara Utama";"Keberangkatan pada Penerbangan Domestik";2009;Desember;417994;Juanda
"Jumlah Penumpang Pesawat di Bandara Utama";"Keberangkatan pada Penerbangan Domestik";2009;Desember;211199;"Ngurah Rai"
"Jumlah Penumpang Pesawat di Bandara Utama";"Keberangkatan pada Penerbangan Domestik";2009;Desember;115750;Hasanudin
"Jumlah Penumpang Pesawat di Bandara Utama";"Keberangkatan pada Penerbangan Domestik";2010;Januari;208514;Polonia
"Jumlah Penumpang Pesawat di Bandara Utama";"Keberangkatan pada Penerbangan Domestik";2010;Januari;1176478;"Soekarno Hatta"
"Jumlah Penumpang Pesawat di Bandara Utama";"Keberangkatan pada Penerbangan Domestik";2010;Januari;388819;Juanda
"Jumlah Penumpang Pesawat di Bandara Utama";"Keberangkatan pada Penerbangan Domestik";2010;Januari;207334;"Ngurah Rai"
"Jumlah Penumpang Pesawat di Bandara Utama";"Keberangkatan pada Penerbangan Domestik";2010;Januari;174885;Hasanudin
"Jumlah Penumpang Pesawat di Bandara Utama";"Keberangkatan pada Penerbangan Domestik";2010;Februari;160198;Polonia
"Jumlah Penumpang Pesawat di Bandara Utama";"Keberangkatan pada Penerbangan Domestik";2010;Februari;1100169;"Soekarno Hatta"
"Jumlah Penumpang Pesawat di Bandara Utama";"Keberangkatan pada Penerbangan Domestik";2010;Februari;349148;Juanda
"Jumlah Penumpang Pesawat di Bandara Utama";"Keberangkatan pada Penerbangan Domestik";2010;Februari;177417;"Ngurah Rai"
"Jumlah Penumpang Pesawat di Bandara Utama";"Keberangkatan pada Penerbangan Domestik";2010;Februari;160367;Hasanudin
"Jumlah Penumpang Pesawat di Bandara Utama";"Keberangkatan pada Penerbangan Domestik";2010;Maret;196749;Polonia
"Jumlah Penumpang Pesawat di Bandara Utama";"Keberangkatan pada Penerbangan Domestik";2010;Maret;1225671;"Soekarno Hatta"
"Jumlah Penumpang Pesawat di Bandara Utama";"Keberangkatan pada Penerbangan Domestik";2010;Maret;337764;Juanda
"Jumlah Penumpang Pesawat di Bandara Utama";"Keberangkatan pada Penerbangan Domestik";2010;Maret;189836;"Ngurah Rai"
"Jumlah Penumpang Pesawat di Bandara Utama";"Keberangkatan pada Penerbangan Domestik";2010;Maret;188925;Hasanudin
"Jumlah Penumpang Pesawat di Bandara Utama";"Keberangkatan pada Penerbangan Domestik";2010;April;198087;Polonia
"Jumlah Penumpang Pesawat di Bandara Utama";"Keberangkatan pada Penerbangan Domestik";2010;April;1206909;"Soekarno Hatta"
"Jumlah Penumpang Pesawat di Bandara Utama";"Keberangkatan pada Penerbangan Domestik";2010;April;405263;Juanda
"Jumlah Penumpang Pesawat di Bandara Utama";"Keberangkatan pada Penerbangan Domestik";2010;April;203797;"Ngurah Rai"
"Jumlah Penumpang Pesawat di Bandara Utama";"Keberangkatan pada Penerbangan Domestik";2010;April;182210;Hasanudin
"Jumlah Penumpang Pesawat di Bandara Utama";"Keberangkatan pada Penerbangan Domestik";2010;Mei;207410;Polonia
"Jumlah Penumpang Pesawat di Bandara Utama";"Keberangkatan pada Penerbangan Domestik";2010;Mei;1292549;"Soekarno Hatta"
"Jumlah Penumpang Pesawat di Bandara Utama";"Keberangkatan pada Penerbangan Domestik";2010;Mei;422810;Juanda
"Jumlah Penumpang Pesawat di Bandara Utama";"Keberangkatan pada Penerbangan Domestik";2010;Mei;217123;"Ngurah Rai"
"Jumlah Penumpang Pesawat di Bandara Utama";"Keberangkatan pada Penerbangan Domestik";2010;Mei;187673;Hasanudin
"Jumlah Penumpang Pesawat di Bandara Utama";"Keberangkatan pada Penerbangan Domestik";2010;Juni;218708;Polonia
"Jumlah Penumpang Pesawat di Bandara Utama";"Keberangkatan pada Penerbangan Domestik";2010;Juni;1298975;"Soekarno Hatta"
"Jumlah Penumpang Pesawat di Bandara Utama";"Keberangkatan pada Penerbangan Domestik";2010;Juni;441067;Juanda
"Jumlah Penumpang Pesawat di Bandara Utama";"Keberangkatan pada Penerbangan Domestik";2010;Juni;228471;"Ngurah Rai"
"Jumlah Penumpang Pesawat di Bandara Utama";"Keberangkatan pada Penerbangan Domestik";2010;Juni;185722;Hasanudin
"Jumlah Penumpang Pesawat di Bandara Utama";"Keberangkatan pada Penerbangan Domestik";2010;Juli;236892;Polonia
"Jumlah Penumpang Pesawat di Bandara Utama";"Keberangkatan pada Penerbangan Domestik";2010;Juli;1450214;"Soekarno Hatta"
"Jumlah Penumpang Pesawat di Bandara Utama";"Keberangkatan pada Penerbangan Domestik";2010;Juli;476358;Juanda
"Jumlah Penumpang Pesawat di Bandara Utama";"Keberangkatan pada Penerbangan Domestik";2010;Juli;264617;"Ngurah Rai"
"Jumlah Penumpang Pesawat di Bandara Utama";"Keberangkatan pada Penerbangan Domestik";2010;Juli;220400;Hasanudin
"Jumlah Penumpang Pesawat di Bandara Utama";"Keberangkatan pada Penerbangan Domestik";2010;Agustus;199104;Polonia
"Jumlah Penumpang Pesawat di Bandara Utama";"Keberangkatan pada Penerbangan Domestik";2010;Agustus;1152985;"Soekarno Hatta"
"Jumlah Penumpang Pesawat di Bandara Utama";"Keberangkatan pada Penerbangan Domestik";2010;Agustus;367383;Juanda
"Jumlah Penumpang Pesawat di Bandara Utama";"Keberangkatan pada Penerbangan Domestik";2010;Agustus;218281;"Ngurah Rai"
"Jumlah Penumpang Pesawat di Bandara Utama";"Keberangkatan pada Penerbangan Domestik";2010;Agustus;177523;Hasanudin
"Jumlah Penumpang Pesawat di Bandara Utama";"Keberangkatan pada Penerbangan Domestik";2010;September;226741;Polonia
"Jumlah Penumpang Pesawat di Bandara Utama";"Keberangkatan pada Penerbangan Domestik";2010;September;1309501;"Soekarno Hatta"
"Jumlah Penumpang Pesawat di Bandara Utama";"Keberangkatan pada Penerbangan Domestik";2010;September;455251;Juanda
"Jumlah Penumpang Pesawat di Bandara Utama";"Keberangkatan pada Penerbangan Domestik";2010;September;240567;"Ngurah Rai"
"Jumlah Penumpang Pesawat di Bandara Utama";"Keberangkatan pada Penerbangan Domestik";2010;September;207221;Hasanudin
"Jumlah Penumpang Pesawat di Bandara Utama";"Keberangkatan pada Penerbangan Domestik";2010;Oktober;229672;Polonia
"Jumlah Penumpang Pesawat di Bandara Utama";"Keberangkatan pada Penerbangan Domestik";2010;Oktober;1393142;"Soekarno Hatta"
"Jumlah Penumpang Pesawat di Bandara Utama";"Keberangkatan pada Penerbangan Domestik";2010;Oktober;477450;Juanda
"Jumlah Penumpang Pesawat di Bandara Utama";"Keberangkatan pada Penerbangan Domestik";2010;Oktober;249260;"Ngurah Rai"
"Jumlah Penumpang Pesawat di Bandara Utama";"Keberangkatan pada Penerbangan Domestik";2010;Oktober;211576;Hasanudin
"Jumlah Penumpang Pesawat di Bandara Utama";"Keberangkatan pada Penerbangan Domestik";2010;November;214522;Polonia
"Jumlah Penumpang Pesawat di Bandara Utama";"Keberangkatan pada Penerbangan Domestik";2010;November;1312017;"Soekarno Hatta"
"Jumlah Penumpang Pesawat di Bandara Utama";"Keberangkatan pada Penerbangan Domestik";2010;November;449044;Juanda
"Jumlah Penumpang Pesawat di Bandara Utama";"Keberangkatan pada Penerbangan Domestik";2010;November;229486;"Ngurah Rai"
"Jumlah Penumpang Pesawat di Bandara Utama";"Keberangkatan pada Penerbangan Domestik";2010;November;202386;Hasanudin
"Jumlah Penumpang Pesawat di Bandara Utama";"Keberangkatan pada Penerbangan Domestik";2010;Desember;224539;Polonia
"Jumlah Penumpang Pesawat di Bandara Utama";"Keberangkatan pada Penerbangan Domestik";2010;Desember;1550547;"Soekarno Hatta"
"Jumlah Penumpang Pesawat di Bandara Utama";"Keberangkatan pada Penerbangan Domestik";2010;Desember;474367;Juanda
"Jumlah Penumpang Pesawat di Bandara Utama";"Keberangkatan pada Penerbangan Domestik";2010;Desember;260061;"Ngurah Rai"
"Jumlah Penumpang Pesawat di Bandara Utama";"Keberangkatan pada Penerbangan Domestik";2010;Desember;213618;Hasanudin
"Jumlah Penumpang Pesawat di Bandara Utama";"Keberangkatan pada Penerbangan Domestik";2011;Januari;253516;Polonia
"Jumlah Penumpang Pesawat di Bandara Utama";"Keberangkatan pada Penerbangan Domestik";2011;Januari;1354230;"Soekarno Hatta"
"Jumlah Penumpang Pesawat di Bandara Utama";"Keberangkatan pada Penerbangan Domestik";2011;Januari;457763;Juanda
"Jumlah Penumpang Pesawat di Bandara Utama";"Keberangkatan pada Penerbangan Domestik";2011;Januari;266295;"Ngurah Rai"
"Jumlah Penumpang Pesawat di Bandara Utama";"Keberangkatan pada Penerbangan Domestik";2011;Januari;221048;Hasanudin
"Jumlah Penumpang Pesawat di Bandara Utama";"Keberangkatan pada Penerbangan Domestik";2011;Februari;217799;Polonia
"Jumlah Penumpang Pesawat di Bandara Utama";"Keberangkatan pada Penerbangan Domestik";2011;Februari;1259187;"Soekarno Hatta"
"Jumlah Penumpang Pesawat di Bandara Utama";"Keberangkatan pada Penerbangan Domestik";2011;Februari;413489;Juanda
"Jumlah Penumpang Pesawat di Bandara Utama";"Keberangkatan pada Penerbangan Domestik";2011;Februari;223581;"Ngurah Rai"
"Jumlah Penumpang Pesawat di Bandara Utama";"Keberangkatan pada Penerbangan Domestik";2011;Februari;191047;Hasanudin
"Jumlah Penumpang Pesawat di Bandara Utama";"Keberangkatan pada Penerbangan Domestik";2011;Maret;229612;Polonia
"Jumlah Penumpang Pesawat di Bandara Utama";"Keberangkatan pada Penerbangan Domestik";2011;Maret;1402161;"Soekarno Hatta"
"Jumlah Penumpang Pesawat di Bandara Utama";"Keberangkatan pada Penerbangan Domestik";2011;Maret;436203;Juanda
"Jumlah Penumpang Pesawat di Bandara Utama";"Keberangkatan pada Penerbangan Domestik";2011;Maret;229840;"Ngurah Rai"
"Jumlah Penumpang Pesawat di Bandara Utama";"Keberangkatan pada Penerbangan Domestik";2011;Maret;210888;Hasanudin
"Jumlah Penumpang Pesawat di Bandara Utama";"Keberangkatan pada Penerbangan Domestik";2011;April;229468;Polonia
"Jumlah Penumpang Pesawat di Bandara Utama";"Keberangkatan pada Penerbangan Domestik";2011;April;1373346;"Soekarno Hatta"
"Jumlah Penumpang Pesawat di Bandara Utama";"Keberangkatan pada Penerbangan Domestik";2011;April;429024;Juanda
"Jumlah Penumpang Pesawat di Bandara Utama";"Keberangkatan pada Penerbangan Domestik";2011;April;241933;"Ngurah Rai"
"Jumlah Penumpang Pesawat di Bandara Utama";"Keberangkatan pada Penerbangan Domestik";2011;April;203694;Hasanudin
"Jumlah Penumpang Pesawat di Bandara Utama";"Keberangkatan pada Penerbangan Domestik";2011;Mei;233719;Polonia
"Jumlah Penumpang Pesawat di Bandara Utama";"Keberangkatan pada Penerbangan Domestik";2011;Mei;1424388;"Soekarno Hatta"
"Jumlah Penumpang Pesawat di Bandara Utama";"Keberangkatan pada Penerbangan Domestik";2011;Mei;448132;Juanda
"Jumlah Penumpang Pesawat di Bandara Utama";"Keberangkatan pada Penerbangan Domestik";2011;Mei;253887;"Ngurah Rai"
"Jumlah Penumpang Pesawat di Bandara Utama";"Keberangkatan pada Penerbangan Domestik";2011;Mei;212927;Hasanudin
"Jumlah Penumpang Pesawat di Bandara Utama";"Keberangkatan pada Penerbangan Domestik";2011;Juni;242193;Polonia
"Jumlah Penumpang Pesawat di Bandara Utama";"Keberangkatan pada Penerbangan Domestik";2011;Juni;1645041;"Soekarno Hatta"
"Jumlah Penumpang Pesawat di Bandara Utama";"Keberangkatan pada Penerbangan Domestik";2011;Juni;518562;Juanda
"Jumlah Penumpang Pesawat di Bandara Utama";"Keberangkatan pada Penerbangan Domestik";2011;Juni;279921;"Ngurah Rai"
"Jumlah Penumpang Pesawat di Bandara Utama";"Keberangkatan pada Penerbangan Domestik";2011;Juni;224308;Hasanudin
"Jumlah Penumpang Pesawat di Bandara Utama";"Keberangkatan pada Penerbangan Domestik";2011;Juli;264443;Polonia
"Jumlah Penumpang Pesawat di Bandara Utama";"Keberangkatan pada Penerbangan Domestik";2011;Juli;1698808;"Soekarno Hatta"
"Jumlah Penumpang Pesawat di Bandara Utama";"Keberangkatan pada Penerbangan Domestik";2011;Juli;529225;Juanda
"Jumlah Penumpang Pesawat di Bandara Utama";"Keberangkatan pada Penerbangan Domestik";2011;Juli;322512;"Ngurah Rai"
"Jumlah Penumpang Pesawat di Bandara Utama";"Keberangkatan pada Penerbangan Domestik";2011;Juli;236545;Hasanudin
"Jumlah Penumpang Pesawat di Bandara Utama";"Keberangkatan pada Penerbangan Domestik";2011;Agustus;203660;Polonia
"Jumlah Penumpang Pesawat di Bandara Utama";"Keberangkatan pada Penerbangan Domestik";2011;Agustus;1279539;"Soekarno Hatta"
"Jumlah Penumpang Pesawat di Bandara Utama";"Keberangkatan pada Penerbangan Domestik";2011;Agustus;386770;Juanda
"Jumlah Penumpang Pesawat di Bandara Utama";"Keberangkatan pada Penerbangan Domestik";2011;Agustus;241240;"Ngurah Rai"
"Jumlah Penumpang Pesawat di Bandara Utama";"Keberangkatan pada Penerbangan Domestik";2011;Agustus;317082;Hasanudin
"Jumlah Penumpang Pesawat di Bandara Utama";"Keberangkatan pada Penerbangan Domestik";2011;September;267672;Polonia
"Jumlah Penumpang Pesawat di Bandara Utama";"Keberangkatan pada Penerbangan Domestik";2011;September;1535120;"Soekarno Hatta"
"Jumlah Penumpang Pesawat di Bandara Utama";"Keberangkatan pada Penerbangan Domestik";2011;September;548400;Juanda
"Jumlah Penumpang Pesawat di Bandara Utama";"Keberangkatan pada Penerbangan Domestik";2011;September;307724;"Ngurah Rai"
"Jumlah Penumpang Pesawat di Bandara Utama";"Keberangkatan pada Penerbangan Domestik";2011;September;250400;Hasanudin
"Jumlah Penumpang Pesawat di Bandara Utama";"Keberangkatan pada Penerbangan Domestik";2011;Oktober;240990;Polonia
"Jumlah Penumpang Pesawat di Bandara Utama";"Keberangkatan pada Penerbangan Domestik";2011;Oktober;1503666;"Soekarno Hatta"
"Jumlah Penumpang Pesawat di Bandara Utama";"Keberangkatan pada Penerbangan Domestik";2011;Oktober;504393;Juanda
"Jumlah Penumpang Pesawat di Bandara Utama";"Keberangkatan pada Penerbangan Domestik";2011;Oktober;287098;"Ngurah Rai"
"Jumlah Penumpang Pesawat di Bandara Utama";"Keberangkatan pada Penerbangan Domestik";2011;Oktober;233290;Hasanudin
"Jumlah Penumpang Pesawat di Bandara Utama";"Keberangkatan pada Penerbangan Domestik";2011;November;239983;Polonia
"Jumlah Penumpang Pesawat di Bandara Utama";"Keberangkatan pada Penerbangan Domestik";2011;November;1578533;"Soekarno Hatta"
"Jumlah Penumpang Pesawat di Bandara Utama";"Keberangkatan pada Penerbangan Domestik";2011;November;516875;Juanda
"Jumlah Penumpang Pesawat di Bandara Utama";"Keberangkatan pada Penerbangan Domestik";2011;November;289466;"Ngurah Rai"
"Jumlah Penumpang Pesawat di Bandara Utama";"Keberangkatan pada Penerbangan Domestik";2011;November;236419;Hasanudin
"Jumlah Penumpang Pesawat di Bandara Utama";"Keberangkatan pada Penerbangan Domestik";2011;Desember;239233;Polonia
"Jumlah Penumpang Pesawat di Bandara Utama";"Keberangkatan pada Penerbangan Domestik";2011;Desember;1651090;"Soekarno Hatta"
"Jumlah Penumpang Pesawat di Bandara Utama";"Keberangkatan pada Penerbangan Domestik";2011;Desember;521433;Juanda
"Jumlah Penumpang Pesawat di Bandara Utama";"Keberangkatan pada Penerbangan Domestik";2011;Desember;299901;"Ngurah Rai"
"Jumlah Penumpang Pesawat di Bandara Utama";"Keberangkatan pada Penerbangan Domestik";2011;Desember;238932;Hasanudin
"Jumlah Penumpang Pesawat di Bandara Utama";"Keberangkatan pada Penerbangan Domestik";2012;Januari;278808;Polonia
"Jumlah Penumpang Pesawat di Bandara Utama";"Keberangkatan pada Penerbangan Domestik";2012;Januari;1561684;"Soekarno Hatta"
"Jumlah Penumpang Pesawat di Bandara Utama";"Keberangkatan pada Penerbangan Domestik";2012;Januari;530692;Juanda
"Jumlah Penumpang Pesawat di Bandara Utama";"Keberangkatan pada Penerbangan Domestik";2012;Januari;309625;"Ngurah Rai"
"Jumlah Penumpang Pesawat di Bandara Utama";"Keberangkatan pada Penerbangan Domestik";2012;Januari;258855;Hasanudin
"Jumlah Penumpang Pesawat di Bandara Utama";"Keberangkatan pada Penerbangan Domestik";2012;Februari;236370;Polonia
"Jumlah Penumpang Pesawat di Bandara Utama";"Keberangkatan pada Penerbangan Domestik";2012;Februari;1451736;"Soekarno Hatta"
"Jumlah Penumpang Pesawat di Bandara Utama";"Keberangkatan pada Penerbangan Domestik";2012;Februari;494799;Juanda
"Jumlah Penumpang Pesawat di Bandara Utama";"Keberangkatan pada Penerbangan Domestik";2012;Februari;245882;"Ngurah Rai"
"Jumlah Penumpang Pesawat di Bandara Utama";"Keberangkatan pada Penerbangan Domestik";2012;Februari;231457;Hasanudin
"Jumlah Penumpang Pesawat di Bandara Utama";"Keberangkatan pada Penerbangan Domestik";2012;Maret;253339;Polonia
"Jumlah Penumpang Pesawat di Bandara Utama";"Keberangkatan pada Penerbangan Domestik";2012;Maret;1645065;"Soekarno Hatta"
"Jumlah Penumpang Pesawat di Bandara Utama";"Keberangkatan pada Penerbangan Domestik";2012;Maret;544229;Juanda
"Jumlah Penumpang Pesawat di Bandara Utama";"Keberangkatan pada Penerbangan Domestik";2012;Maret;265327;"Ngurah Rai"
"Jumlah Penumpang Pesawat di Bandara Utama";"Keberangkatan pada Penerbangan Domestik";2012;Maret;248891;Hasanudin
"Jumlah Penumpang Pesawat di Bandara Utama";"Keberangkatan pada Penerbangan Domestik";2012;April;250899;Polonia
"Jumlah Penumpang Pesawat di Bandara Utama";"Keberangkatan pada Penerbangan Domestik";2012;April;1582880;"Soekarno Hatta"
"Jumlah Penumpang Pesawat di Bandara Utama";"Keberangkatan pada Penerbangan Domestik";2012;April;522512;Juanda
"Jumlah Penumpang Pesawat di Bandara Utama";"Keberangkatan pada Penerbangan Domestik";2012;April;289029;"Ngurah Rai"
"Jumlah Penumpang Pesawat di Bandara Utama";"Keberangkatan pada Penerbangan Domestik";2012;April;248037;Hasanudin
"Jumlah Penumpang Pesawat di Bandara Utama";"Keberangkatan pada Penerbangan Domestik";2012;Mei;258197;Polonia
"Jumlah Penumpang Pesawat di Bandara Utama";"Keberangkatan pada Penerbangan Domestik";2012;Mei;1668845;"Soekarno Hatta"
"Jumlah Penumpang Pesawat di Bandara Utama";"Keberangkatan pada Penerbangan Domestik";2012;Mei;542413;Juanda
"Jumlah Penumpang Pesawat di Bandara Utama";"Keberangkatan pada Penerbangan Domestik";2012;Mei;300242;"Ngurah Rai"
"Jumlah Penumpang Pesawat di Bandara Utama";"Keberangkatan pada Penerbangan Domestik";2012;Mei;249393;Hasanudin
"Jumlah Penumpang Pesawat di Bandara Utama";"Keberangkatan pada Penerbangan Domestik";2012;Juni;267791;Polonia
"Jumlah Penumpang Pesawat di Bandara Utama";"Keberangkatan pada Penerbangan Domestik";2012;Juni;1685196;"Soekarno Hatta"
"Jumlah Penumpang Pesawat di Bandara Utama";"Keberangkatan pada Penerbangan Domestik";2012;Juni;528568;Juanda
"Jumlah Penumpang Pesawat di Bandara Utama";"Keberangkatan pada Penerbangan Domestik";2012;Juni;316193;"Ngurah Rai"
"Jumlah Penumpang Pesawat di Bandara Utama";"Keberangkatan pada Penerbangan Domestik";2012;Juni;268880;Hasanudin
"Jumlah Penumpang Pesawat di Bandara Utama";"Keberangkatan pada Penerbangan Domestik";2012;Juli;268165;Polonia
"Jumlah Penumpang Pesawat di Bandara Utama";"Keberangkatan pada Penerbangan Domestik";2012;Juli;1671053;"Soekarno Hatta"
"Jumlah Penumpang Pesawat di Bandara Utama";"Keberangkatan pada Penerbangan Domestik";2012;Juli;602625;Juanda
"Jumlah Penumpang Pesawat di Bandara Utama";"Keberangkatan pada Penerbangan Domestik";2012;Juli;344636;"Ngurah Rai"
"Jumlah Penumpang Pesawat di Bandara Utama";"Keberangkatan pada Penerbangan Domestik";2012;Juli;266740;Hasanudin
"Jumlah Penumpang Pesawat di Bandara Utama";"Keberangkatan pada Penerbangan Domestik";2012;Agustus;267601;Polonia
"Jumlah Penumpang Pesawat di Bandara Utama";"Keberangkatan pada Penerbangan Domestik";2012;Agustus;1573873;"Soekarno Hatta"
"Jumlah Penumpang Pesawat di Bandara Utama";"Keberangkatan pada Penerbangan Domestik";2012;Agustus;528977;Juanda
"Jumlah Penumpang Pesawat di Bandara Utama";"Keberangkatan pada Penerbangan Domestik";2012;Agustus;334309;"Ngurah Rai"
"Jumlah Penumpang Pesawat di Bandara Utama";"Keberangkatan pada Penerbangan Domestik";2012;Agustus;258670;Hasanudin
"Jumlah Penumpang Pesawat di Bandara Utama";"Keberangkatan pada Penerbangan Domestik";2012;September;284783;Polonia
"Jumlah Penumpang Pesawat di Bandara Utama";"Keberangkatan pada Penerbangan Domestik";2012;September;1680588;"Soekarno Hatta"
"Jumlah Penumpang Pesawat di Bandara Utama";"Keberangkatan pada Penerbangan Domestik";2012;September;651697;Juanda
"Jumlah Penumpang Pesawat di Bandara Utama";"Keberangkatan pada Penerbangan Domestik";2012;September;322192;"Ngurah Rai"
"Jumlah Penumpang Pesawat di Bandara Utama";"Keberangkatan pada Penerbangan Domestik";2012;September;262702;Hasanudin
"Jumlah Penumpang Pesawat di Bandara Utama";"Keberangkatan pada Penerbangan Domestik";2012;Oktober;284836;Polonia
"Jumlah Penumpang Pesawat di Bandara Utama";"Keberangkatan pada Penerbangan Domestik";2012;Oktober;1686800;"Soekarno Hatta"
"Jumlah Penumpang Pesawat di Bandara Utama";"Keberangkatan pada Penerbangan Domestik";2012;Oktober;586731;Juanda
"Jumlah Penumpang Pesawat di Bandara Utama";"Keberangkatan pada Penerbangan Domestik";2012;Oktober;342517;"Ngurah Rai"
"Jumlah Penumpang Pesawat di Bandara Utama";"Keberangkatan pada Penerbangan Domestik";2012;Oktober;251176;Hasanudin
"Jumlah Penumpang Pesawat di Bandara Utama";"Keberangkatan pada Penerbangan Domestik";2012;November;282910;Polonia
"Jumlah Penumpang Pesawat di Bandara Utama";"Keberangkatan pada Penerbangan Domestik";2012;November;1720032;"Soekarno Hatta"
"Jumlah Penumpang Pesawat di Bandara Utama";"Keberangkatan pada Penerbangan Domestik";2012;November;607904;Juanda
"Jumlah Penumpang Pesawat di Bandara Utama";"Keberangkatan pada Penerbangan Domestik";2012;November;338759;"Ngurah Rai"
"Jumlah Penumpang Pesawat di Bandara Utama";"Keberangkatan pada Penerbangan Domestik";2012;November;231024;Hasanudin
"Jumlah Penumpang Pesawat di Bandara Utama";"Keberangkatan pada Penerbangan Domestik";2012;Desember;272697;Polonia
"Jumlah Penumpang Pesawat di Bandara Utama";"Keberangkatan pada Penerbangan Domestik";2012;Desember;1822128;"Soekarno Hatta"
"Jumlah Penumpang Pesawat di Bandara Utama";"Keberangkatan pada Penerbangan Domestik";2012;Desember;608329;Juanda
"Jumlah Penumpang Pesawat di Bandara Utama";"Keberangkatan pada Penerbangan Domestik";2012;Desember;351085;"Ngurah Rai"
"Jumlah Penumpang Pesawat di Bandara Utama";"Keberangkatan pada Penerbangan Domestik";2012;Desember;189955;Hasanudin
"Jumlah Penumpang Pesawat di Bandara Utama";"Keberangkatan pada Penerbangan Domestik";2013;Januari;308474;Polonia
"Jumlah Penumpang Pesawat di Bandara Utama";"Keberangkatan pada Penerbangan Domestik";2013;Januari;1534744;"Soekarno Hatta"
"Jumlah Penumpang Pesawat di Bandara Utama";"Keberangkatan pada Penerbangan Domestik";2013;Januari;624398;Juanda
"Jumlah Penumpang Pesawat di Bandara Utama";"Keberangkatan pada Penerbangan Domestik";2013;Januari;334142;"Ngurah Rai"
"Jumlah Penumpang Pesawat di Bandara Utama";"Keberangkatan pada Penerbangan Domestik";2013;Januari;280711;Hasanudin
"Jumlah Penumpang Pesawat di Bandara Utama";"Keberangkatan pada Penerbangan Domestik";2013;Februari;262363;Polonia
"Jumlah Penumpang Pesawat di Bandara Utama";"Keberangkatan pada Penerbangan Domestik";2013;Februari;1418207;"Soekarno Hatta"
"Jumlah Penumpang Pesawat di Bandara Utama";"Keberangkatan pada Penerbangan Domestik";2013;Februari;518487;Juanda
"Jumlah Penumpang Pesawat di Bandara Utama";"Keberangkatan pada Penerbangan Domestik";2013;Februari;287172;"Ngurah Rai"
"Jumlah Penumpang Pesawat di Bandara Utama";"Keberangkatan pada Penerbangan Domestik";2013;Februari;242026;Hasanudin
"Jumlah Penumpang Pesawat di Bandara Utama";"Keberangkatan pada Penerbangan Domestik";2013;Maret;272743;Polonia
"Jumlah Penumpang Pesawat di Bandara Utama";"Keberangkatan pada Penerbangan Domestik";2013;Maret;1681186;"Soekarno Hatta"
"Jumlah Penumpang Pesawat di Bandara Utama";"Keberangkatan pada Penerbangan Domestik";2013;Maret;585913;Juanda
"Jumlah Penumpang Pesawat di Bandara Utama";"Keberangkatan pada Penerbangan Domestik";2013;Maret;323181;"Ngurah Rai"
"Jumlah Penumpang Pesawat di Bandara Utama";"Keberangkatan pada Penerbangan Domestik";2013;Maret;291695;Hasanudin
"Jumlah Penumpang Pesawat di Bandara Utama";"Keberangkatan pada Penerbangan Domestik";2013;April;271268;Polonia
"Jumlah Penumpang Pesawat di Bandara Utama";"Keberangkatan pada Penerbangan Domestik";2013;April;1596941;"Soekarno Hatta"
"Jumlah Penumpang Pesawat di Bandara Utama";"Keberangkatan pada Penerbangan Domestik";2013;April;560613;Juanda
"Jumlah Penumpang Pesawat di Bandara Utama";"Keberangkatan pada Penerbangan Domestik";2013;April;316988;"Ngurah Rai"
"Jumlah Penumpang Pesawat di Bandara Utama";"Keberangkatan pada Penerbangan Domestik";2013;April;269935;Hasanudin
"Jumlah Penumpang Pesawat di Bandara Utama";"Keberangkatan pada Penerbangan Domestik";2013;Mei;257477;Polonia
"Jumlah Penumpang Pesawat di Bandara Utama";"Keberangkatan pada Penerbangan Domestik";2013;Mei;1735299;"Soekarno Hatta"
"Jumlah Penumpang Pesawat di Bandara Utama";"Keberangkatan pada Penerbangan Domestik";2013;Mei;590532;Juanda
"Jumlah Penumpang Pesawat di Bandara Utama";"Keberangkatan pada Penerbangan Domestik";2013;Mei;347345;"Ngurah Rai"
"Jumlah Penumpang Pesawat di Bandara Utama";"Keberangkatan pada Penerbangan Domestik";2013;Mei;294782;Hasanudin
"Jumlah Penumpang Pesawat di Bandara Utama";"Keberangkatan pada Penerbangan Domestik";2013;Juni;288301;Polonia
"Jumlah Penumpang Pesawat di Bandara Utama";"Keberangkatan pada Penerbangan Domestik";2013;Juni;1854812;"Soekarno Hatta"
"Jumlah Penumpang Pesawat di Bandara Utama";"Keberangkatan pada Penerbangan Domestik";2013;Juni;627701;Juanda
"Jumlah Penumpang Pesawat di Bandara Utama";"Keberangkatan pada Penerbangan Domestik";2013;Juni;392070;"Ngurah Rai"
"Jumlah Penumpang Pesawat di Bandara Utama";"Keberangkatan pada Penerbangan Domestik";2013;Juni;312316;Hasanudin
"Jumlah Penumpang Pesawat di Bandara Utama";"Keberangkatan pada Penerbangan Domestik";2013;Juli;243807;Polonia
"Jumlah Penumpang Pesawat di Bandara Utama";"Keberangkatan pada Penerbangan Domestik";2013;Juli;1606661;"Soekarno Hatta"
"Jumlah Penumpang Pesawat di Bandara Utama";"Keberangkatan pada Penerbangan Domestik";2013;Juli;512111;Juanda
"Jumlah Penumpang Pesawat di Bandara Utama";"Keberangkatan pada Penerbangan Domestik";2013;Juli;341058;"Ngurah Rai"
"Jumlah Penumpang Pesawat di Bandara Utama";"Keberangkatan pada Penerbangan Domestik";2013;Juli;286661;Hasanudin
"Jumlah Penumpang Pesawat di Bandara Utama";"Keberangkatan pada Penerbangan Domestik";2013;Agustus;292670;Polonia
"Jumlah Penumpang Pesawat di Bandara Utama";"Keberangkatan pada Penerbangan Domestik";2013;Agustus;1856324;"Soekarno Hatta"
"Jumlah Penumpang Pesawat di Bandara Utama";"Keberangkatan pada Penerbangan Domestik";2013;Agustus;658784;Juanda
"Jumlah Penumpang Pesawat di Bandara Utama";"Keberangkatan pada Penerbangan Domestik";2013;Agustus;393412;"Ngurah Rai"
"Jumlah Penumpang Pesawat di Bandara Utama";"Keberangkatan pada Penerbangan Domestik";2013;Agustus;318352;Hasanudin
"Jumlah Penumpang Pesawat di Bandara Utama";"Keberangkatan pada Penerbangan Domestik";2013;September;262390;Polonia
"Jumlah Penumpang Pesawat di Bandara Utama";"Keberangkatan pada Penerbangan Domestik";2013;September;1726190;"Soekarno Hatta"
"Jumlah Penumpang Pesawat di Bandara Utama";"Keberangkatan pada Penerbangan Domestik";2013;September;682269;Juanda
"Jumlah Penumpang Pesawat di Bandara Utama";"Keberangkatan pada Penerbangan Domestik";2013;September;374485;"Ngurah Rai"
"Jumlah Penumpang Pesawat di Bandara Utama";"Keberangkatan pada Penerbangan Domestik";2013;September;285830;Hasanudin
"Jumlah Penumpang Pesawat di Bandara Utama";"Keberangkatan pada Penerbangan Domestik";2013;Oktober;262411;Polonia
"Jumlah Penumpang Pesawat di Bandara Utama";"Keberangkatan pada Penerbangan Domestik";2013;Oktober;1816513;"Soekarno Hatta"
"Jumlah Penumpang Pesawat di Bandara Utama";"Keberangkatan pada Penerbangan Domestik";2013;Oktober;685386;Juanda
"Jumlah Penumpang Pesawat di Bandara Utama";"Keberangkatan pada Penerbangan Domestik";2013;Oktober;353341;"Ngurah Rai"
"Jumlah Penumpang Pesawat di Bandara Utama";"Keberangkatan pada Penerbangan Domestik";2013;Oktober;306944;Hasanudin
"Jumlah Penumpang Pesawat di Bandara Utama";"Keberangkatan pada Penerbangan Domestik";2013;November;244220;Polonia
"Jumlah Penumpang Pesawat di Bandara Utama";"Keberangkatan pada Penerbangan Domestik";2013;November;1774351;"Soekarno Hatta"
"Jumlah Penumpang Pesawat di Bandara Utama";"Keberangkatan pada Penerbangan Domestik";2013;November;593909;Juanda
"Jumlah Penumpang Pesawat di Bandara Utama";"Keberangkatan pada Penerbangan Domestik";2013;November;375921;"Ngurah Rai"
"Jumlah Penumpang Pesawat di Bandara Utama";"Keberangkatan pada Penerbangan Domestik";2013;November;295746;Hasanudin
"Jumlah Penumpang Pesawat di Bandara Utama";"Keberangkatan pada Penerbangan Domestik";2013;Desember;208100;Polonia
"Jumlah Penumpang Pesawat di Bandara Utama";"Keberangkatan pada Penerbangan Domestik";2013;Desember;2058080;"Soekarno Hatta"
"Jumlah Penumpang Pesawat di Bandara Utama";"Keberangkatan pada Penerbangan Domestik";2013;Desember;624290;Juanda
"Jumlah Penumpang Pesawat di Bandara Utama";"Keberangkatan pada Penerbangan Domestik";2013;Desember;405196;"Ngurah Rai"
"Jumlah Penumpang Pesawat di Bandara Utama";"Keberangkatan pada Penerbangan Domestik";2013;Desember;285474;Hasanudin
"Jumlah Penumpang Pesawat di Bandara Utama";"Keberangkatan pada Penerbangan Domestik";2014;Januari;259256;Polonia
"Jumlah Penumpang Pesawat di Bandara Utama";"Keberangkatan pada Penerbangan Domestik";2014;Januari;1712529;"Soekarno Hatta"
"Jumlah Penumpang Pesawat di Bandara Utama";"Keberangkatan pada Penerbangan Domestik";2014;Januari;617838;Juanda
"Jumlah Penumpang Pesawat di Bandara Utama";"Keberangkatan pada Penerbangan Domestik";2014;Januari;400459;"Ngurah Rai"
"Jumlah Penumpang Pesawat di Bandara Utama";"Keberangkatan pada Penerbangan Domestik";2014;Januari;287815;Hasanudin
"Jumlah Penumpang Pesawat di Bandara Utama";"Keberangkatan pada Penerbangan Domestik";2014;Februari;241508;Polonia
"Jumlah Penumpang Pesawat di Bandara Utama";"Keberangkatan pada Penerbangan Domestik";2014;Februari;1306951;"Soekarno Hatta"
"Jumlah Penumpang Pesawat di Bandara Utama";"Keberangkatan pada Penerbangan Domestik";2014;Februari;479197;Juanda
"Jumlah Penumpang Pesawat di Bandara Utama";"Keberangkatan pada Penerbangan Domestik";2014;Februari;321076;"Ngurah Rai"
"Jumlah Penumpang Pesawat di Bandara Utama";"Keberangkatan pada Penerbangan Domestik";2014;Februari;235540;Hasanudin
"Jumlah Penumpang Pesawat di Bandara Utama";"Keberangkatan pada Penerbangan Domestik";2014;Maret;252182;Polonia
"Jumlah Penumpang Pesawat di Bandara Utama";"Keberangkatan pada Penerbangan Domestik";2014;Maret;1658568;"Soekarno Hatta"
"Jumlah Penumpang Pesawat di Bandara Utama";"Keberangkatan pada Penerbangan Domestik";2014;Maret;538497;Juanda
"Jumlah Penumpang Pesawat di Bandara Utama";"Keberangkatan pada Penerbangan Domestik";2014;Maret;333199;"Ngurah Rai"
"Jumlah Penumpang Pesawat di Bandara Utama";"Keberangkatan pada Penerbangan Domestik";2014;Maret;255067;Hasanudin
"Jumlah Penumpang Pesawat di Bandara Utama";"Keberangkatan pada Penerbangan Domestik";2014;April;236090;Polonia
"Jumlah Penumpang Pesawat di Bandara Utama";"Keberangkatan pada Penerbangan Domestik";2014;April;1504102;"Soekarno Hatta"
"Jumlah Penumpang Pesawat di Bandara Utama";"Keberangkatan pada Penerbangan Domestik";2014;April;510996;Juanda
"Jumlah Penumpang Pesawat di Bandara Utama";"Keberangkatan pada Penerbangan Domestik";2014;April;328577;"Ngurah Rai"
"Jumlah Penumpang Pesawat di Bandara Utama";"Keberangkatan pada Penerbangan Domestik";2014;April;236644;Hasanudin
"Jumlah Penumpang Pesawat di Bandara Utama";"Keberangkatan pada Penerbangan Domestik";2014;Mei;248371;Polonia
"Jumlah Penumpang Pesawat di Bandara Utama";"Keberangkatan pada Penerbangan Domestik";2014;Mei;1860120;"Soekarno Hatta"
"Jumlah Penumpang Pesawat di Bandara Utama";"Keberangkatan pada Penerbangan Domestik";2014;Mei;554213;Juanda
"Jumlah Penumpang Pesawat di Bandara Utama";"Keberangkatan pada Penerbangan Domestik";2014;Mei;381608;"Ngurah Rai"
"Jumlah Penumpang Pesawat di Bandara Utama";"Keberangkatan pada Penerbangan Domestik";2014;Mei;262107;Hasanudin
"Jumlah Penumpang Pesawat di Bandara Utama";"Keberangkatan pada Penerbangan Domestik";2014;Juni;306942;Polonia
"Jumlah Penumpang Pesawat di Bandara Utama";"Keberangkatan pada Penerbangan Domestik";2014;Juni;1793386;"Soekarno Hatta"
"Jumlah Penumpang Pesawat di Bandara Utama";"Keberangkatan pada Penerbangan Domestik";2014;Juni;609753;Juanda
"Jumlah Penumpang Pesawat di Bandara Utama";"Keberangkatan pada Penerbangan Domestik";2014;Juni;407208;"Ngurah Rai"
"Jumlah Penumpang Pesawat di Bandara Utama";"Keberangkatan pada Penerbangan Domestik";2014;Juni;273007;Hasanudin
"Jumlah Penumpang Pesawat di Bandara Utama";"Keberangkatan pada Penerbangan Domestik";2014;Juli;241200;Polonia
"Jumlah Penumpang Pesawat di Bandara Utama";"Keberangkatan pada Penerbangan Domestik";2014;Juli;1575907;"Soekarno Hatta"
"Jumlah Penumpang Pesawat di Bandara Utama";"Keberangkatan pada Penerbangan Domestik";2014;Juli;455747;Juanda
"Jumlah Penumpang Pesawat di Bandara Utama";"Keberangkatan pada Penerbangan Domestik";2014;Juli;347456;"Ngurah Rai"
"Jumlah Penumpang Pesawat di Bandara Utama";"Keberangkatan pada Penerbangan Domestik";2014;Juli;219635;Hasanudin
"Jumlah Penumpang Pesawat di Bandara Utama";"Keberangkatan pada Penerbangan Domestik";2014;Agustus;316737;Polonia
"Jumlah Penumpang Pesawat di Bandara Utama";"Keberangkatan pada Penerbangan Domestik";2014;Agustus;1749146;"Soekarno Hatta"
"Jumlah Penumpang Pesawat di Bandara Utama";"Keberangkatan pada Penerbangan Domestik";2014;Agustus;743304;Juanda
"Jumlah Penumpang Pesawat di Bandara Utama";"Keberangkatan pada Penerbangan Domestik";2014;Agustus;458378;"Ngurah Rai"
"Jumlah Penumpang Pesawat di Bandara Utama";"Keberangkatan pada Penerbangan Domestik";2014;Agustus;306915;Hasanudin
"Jumlah Penumpang Pesawat di Bandara Utama";"Keberangkatan pada Penerbangan Domestik";2014;September;262390;Polonia
"Jumlah Penumpang Pesawat di Bandara Utama";"Keberangkatan pada Penerbangan Domestik";2014;September;1644321;"Soekarno Hatta"
"Jumlah Penumpang Pesawat di Bandara Utama";"Keberangkatan pada Penerbangan Domestik";2014;September;604342;Juanda
"Jumlah Penumpang Pesawat di Bandara Utama";"Keberangkatan pada Penerbangan Domestik";2014;September;378289;"Ngurah Rai"
"Jumlah Penumpang Pesawat di Bandara Utama";"Keberangkatan pada Penerbangan Domestik";2014;September;245300;Hasanudin
"Jumlah Penumpang Pesawat di Bandara Utama";"Keberangkatan pada Penerbangan Domestik";2014;Oktober;262136;Polonia
"Jumlah Penumpang Pesawat di Bandara Utama";"Keberangkatan pada Penerbangan Domestik";2014;Oktober;1786361;"Soekarno Hatta"
"Jumlah Penumpang Pesawat di Bandara Utama";"Keberangkatan pada Penerbangan Domestik";2014;Oktober;636143;Juanda
"Jumlah Penumpang Pesawat di Bandara Utama";"Keberangkatan pada Penerbangan Domestik";2014;Oktober;388691;"Ngurah Rai"
"Jumlah Penumpang Pesawat di Bandara Utama";"Keberangkatan pada Penerbangan Domestik";2014;Oktober;284951;Hasanudin
"Jumlah Penumpang Pesawat di Bandara Utama";"Keberangkatan pada Penerbangan Domestik";2014;November;248748;Polonia
"Jumlah Penumpang Pesawat di Bandara Utama";"Keberangkatan pada Penerbangan Domestik";2014;November;1724281;"Soekarno Hatta"
"Jumlah Penumpang Pesawat di Bandara Utama";"Keberangkatan pada Penerbangan Domestik";2014;November;593137;Juanda
"Jumlah Penumpang Pesawat di Bandara Utama";"Keberangkatan pada Penerbangan Domestik";2014;November;379706;"Ngurah Rai"
"Jumlah Penumpang Pesawat di Bandara Utama";"Keberangkatan pada Penerbangan Domestik";2014;November;272188;Hasanudin
"Jumlah Penumpang Pesawat di Bandara Utama";"Keberangkatan pada Penerbangan Domestik";2014;Desember;258578;Polonia
"Jumlah Penumpang Pesawat di Bandara Utama";"Keberangkatan pada Penerbangan Domestik";2014;Desember;1950020;"Soekarno Hatta"
"Jumlah Penumpang Pesawat di Bandara Utama";"Keberangkatan pada Penerbangan Domestik";2014;Desember;644533;Juanda
"Jumlah Penumpang Pesawat di Bandara Utama";"Keberangkatan pada Penerbangan Domestik";2014;Desember;391516;"Ngurah Rai"
"Jumlah Penumpang Pesawat di Bandara Utama";"Keberangkatan pada Penerbangan Domestik";2014;Desember;268411;Hasanudin
"Jumlah Penumpang Pesawat di Bandara Utama";"Keberangkatan pada Penerbangan Domestik";2015;Januari;294748;Polonia
"Jumlah Penumpang Pesawat di Bandara Utama";"Keberangkatan pada Penerbangan Domestik";2015;Januari;1478308;"Soekarno Hatta"
"Jumlah Penumpang Pesawat di Bandara Utama";"Keberangkatan pada Penerbangan Domestik";2015;Januari;565027;Juanda
"Jumlah Penumpang Pesawat di Bandara Utama";"Keberangkatan pada Penerbangan Domestik";2015;Januari;356314;"Ngurah Rai"
"Jumlah Penumpang Pesawat di Bandara Utama";"Keberangkatan pada Penerbangan Domestik";2015;Januari;263245;Hasanudin
"Jumlah Penumpang Pesawat di Bandara Utama";"Keberangkatan pada Penerbangan Domestik";2015;Februari;221984;Polonia
"Jumlah Penumpang Pesawat di Bandara Utama";"Keberangkatan pada Penerbangan Domestik";2015;Februari;1332181;"Soekarno Hatta"
"Jumlah Penumpang Pesawat di Bandara Utama";"Keberangkatan pada Penerbangan Domestik";2015;Februari;474994;Juanda
"Jumlah Penumpang Pesawat di Bandara Utama";"Keberangkatan pada Penerbangan Domestik";2015;Februari;292316;"Ngurah Rai"
"Jumlah Penumpang Pesawat di Bandara Utama";"Keberangkatan pada Penerbangan Domestik";2015;Februari;215298;Hasanudin
"Jumlah Penumpang Pesawat di Bandara Utama";"Keberangkatan pada Penerbangan Domestik";2015;Maret;240988;Polonia
"Jumlah Penumpang Pesawat di Bandara Utama";"Keberangkatan pada Penerbangan Domestik";2015;Maret;1490037;"Soekarno Hatta"
"Jumlah Penumpang Pesawat di Bandara Utama";"Keberangkatan pada Penerbangan Domestik";2015;Maret;501031;Juanda
"Jumlah Penumpang Pesawat di Bandara Utama";"Keberangkatan pada Penerbangan Domestik";2015;Maret;315635;"Ngurah Rai"
"Jumlah Penumpang Pesawat di Bandara Utama";"Keberangkatan pada Penerbangan Domestik";2015;Maret;252525;Hasanudin
"Jumlah Penumpang Pesawat di Bandara Utama";"Keberangkatan pada Penerbangan Domestik";2015;April;248491;Polonia
"Jumlah Penumpang Pesawat di Bandara Utama";"Keberangkatan pada Penerbangan Domestik";2015;April;1492524;"Soekarno Hatta"
"Jumlah Penumpang Pesawat di Bandara Utama";"Keberangkatan pada Penerbangan Domestik";2015;April;513301;Juanda
"Jumlah Penumpang Pesawat di Bandara Utama";"Keberangkatan pada Penerbangan Domestik";2015;April;333421;"Ngurah Rai"
"Jumlah Penumpang Pesawat di Bandara Utama";"Keberangkatan pada Penerbangan Domestik";2015;April;234491;Hasanudin
"Jumlah Penumpang Pesawat di Bandara Utama";"Keberangkatan pada Penerbangan Domestik";2015;Mei;265442;Polonia
"Jumlah Penumpang Pesawat di Bandara Utama";"Keberangkatan pada Penerbangan Domestik";2015;Mei;1655718;"Soekarno Hatta"
"Jumlah Penumpang Pesawat di Bandara Utama";"Keberangkatan pada Penerbangan Domestik";2015;Mei;568271;Juanda
"Jumlah Penumpang Pesawat di Bandara Utama";"Keberangkatan pada Penerbangan Domestik";2015;Mei;375761;"Ngurah Rai"
"Jumlah Penumpang Pesawat di Bandara Utama";"Keberangkatan pada Penerbangan Domestik";2015;Mei;281906;Hasanudin
"Jumlah Penumpang Pesawat di Bandara Utama";"Keberangkatan pada Penerbangan Domestik";2015;Juni;268027;Polonia
"Jumlah Penumpang Pesawat di Bandara Utama";"Keberangkatan pada Penerbangan Domestik";2015;Juni;1556379;"Soekarno Hatta"
"Jumlah Penumpang Pesawat di Bandara Utama";"Keberangkatan pada Penerbangan Domestik";2015;Juni;518583;Juanda
"Jumlah Penumpang Pesawat di Bandara Utama";"Keberangkatan pada Penerbangan Domestik";2015;Juni;356428;"Ngurah Rai"
"Jumlah Penumpang Pesawat di Bandara Utama";"Keberangkatan pada Penerbangan Domestik";2015;Juni;261900;Hasanudin
"Jumlah Penumpang Pesawat di Bandara Utama";"Keberangkatan pada Penerbangan Domestik";2015;Juli;316429;Polonia
"Jumlah Penumpang Pesawat di Bandara Utama";"Keberangkatan pada Penerbangan Domestik";2015;Juli;1798426;"Soekarno Hatta"
"Jumlah Penumpang Pesawat di Bandara Utama";"Keberangkatan pada Penerbangan Domestik";2015;Juli;608491;Juanda
"Jumlah Penumpang Pesawat di Bandara Utama";"Keberangkatan pada Penerbangan Domestik";2015;Juli;380438;"Ngurah Rai"
"Jumlah Penumpang Pesawat di Bandara Utama";"Keberangkatan pada Penerbangan Domestik";2015;Juli;309799;Hasanudin
"Jumlah Penumpang Pesawat di Bandara Utama";"Keberangkatan pada Penerbangan Domestik";2015;Agustus;308179;Polonia
"Jumlah Penumpang Pesawat di Bandara Utama";"Keberangkatan pada Penerbangan Domestik";2015;Agustus;1759884;"Soekarno Hatta"
"Jumlah Penumpang Pesawat di Bandara Utama";"Keberangkatan pada Penerbangan Domestik";2015;Agustus;699259;Juanda
"Jumlah Penumpang Pesawat di Bandara Utama";"Keberangkatan pada Penerbangan Domestik";2015;Agustus;404915;"Ngurah Rai"
"Jumlah Penumpang Pesawat di Bandara Utama";"Keberangkatan pada Penerbangan Domestik";2015;Agustus;322679;Hasanudin
"Jumlah Penumpang Pesawat di Bandara Utama";"Keberangkatan pada Penerbangan Domestik";2015;September;245614;Polonia
"Jumlah Penumpang Pesawat di Bandara Utama";"Keberangkatan pada Penerbangan Domestik";2015;September;1467594;"Soekarno Hatta"
"Jumlah Penumpang Pesawat di Bandara Utama";"Keberangkatan pada Penerbangan Domestik";2015;September;545042;Juanda
"Jumlah Penumpang Pesawat di Bandara Utama";"Keberangkatan pada Penerbangan Domestik";2015;September;327845;"Ngurah Rai"
"Jumlah Penumpang Pesawat di Bandara Utama";"Keberangkatan pada Penerbangan Domestik";2015;September;256807;Hasanudin
"Jumlah Penumpang Pesawat di Bandara Utama";"Keberangkatan pada Penerbangan Domestik";2015;Oktober;249646;Polonia
"Jumlah Penumpang Pesawat di Bandara Utama";"Keberangkatan pada Penerbangan Domestik";2015;Oktober;1603937;"Soekarno Hatta"
"Jumlah Penumpang Pesawat di Bandara Utama";"Keberangkatan pada Penerbangan Domestik";2015;Oktober;605010;Juanda
"Jumlah Penumpang Pesawat di Bandara Utama";"Keberangkatan pada Penerbangan Domestik";2015;Oktober;354721;"Ngurah Rai"
"Jumlah Penumpang Pesawat di Bandara Utama";"Keberangkatan pada Penerbangan Domestik";2015;Oktober;308115;Hasanudin
"Jumlah Penumpang Pesawat di Bandara Utama";"Keberangkatan pada Penerbangan Domestik";2015;November;276671;Polonia
"Jumlah Penumpang Pesawat di Bandara Utama";"Keberangkatan pada Penerbangan Domestik";2015;November;1620867;"Soekarno Hatta"
"Jumlah Penumpang Pesawat di Bandara Utama";"Keberangkatan pada Penerbangan Domestik";2015;November;587291;Juanda
"Jumlah Penumpang Pesawat di Bandara Utama";"Keberangkatan pada Penerbangan Domestik";2015;November;317524;"Ngurah Rai"
"Jumlah Penumpang Pesawat di Bandara Utama";"Keberangkatan pada Penerbangan Domestik";2015;November;292726;Hasanudin
"Jumlah Penumpang Pesawat di Bandara Utama";"Keberangkatan pada Penerbangan Domestik";2015;Desember;290476;Polonia
"Jumlah Penumpang Pesawat di Bandara Utama";"Keberangkatan pada Penerbangan Domestik";2015;Desember;1875545;"Soekarno Hatta"
"Jumlah Penumpang Pesawat di Bandara Utama";"Keberangkatan pada Penerbangan Domestik";2015;Desember;671396;Juanda
"Jumlah Penumpang Pesawat di Bandara Utama";"Keberangkatan pada Penerbangan Domestik";2015;Desember;306862;"Ngurah Rai"
"Jumlah Penumpang Pesawat di Bandara Utama";"Keberangkatan pada Penerbangan Domestik";2015;Desember;306862;Hasanudin
"Jumlah Penumpang Pesawat di Bandara Utama";"Keberangkatan pada Penerbangan Domestik";2016;Januari;317318;Polonia
"Jumlah Penumpang Pesawat di Bandara Utama";"Keberangkatan pada Penerbangan Domestik";2016;Januari;1746840;"Soekarno Hatta"
"Jumlah Penumpang Pesawat di Bandara Utama";"Keberangkatan pada Penerbangan Domestik";2016;Januari;656208;Juanda
"Jumlah Penumpang Pesawat di Bandara Utama";"Keberangkatan pada Penerbangan Domestik";2016;Januari;322876;"Ngurah Rai"
"Jumlah Penumpang Pesawat di Bandara Utama";"Keberangkatan pada Penerbangan Domestik";2016;Januari;376967;Hasanudin
"Jumlah Penumpang Pesawat di Bandara Utama";"Keberangkatan pada Penerbangan Domestik";2016;Februari;317318;Polonia
"Jumlah Penumpang Pesawat di Bandara Utama";"Keberangkatan pada Penerbangan Domestik";2016;Februari;1514119;"Soekarno Hatta"
"Jumlah Penumpang Pesawat di Bandara Utama";"Keberangkatan pada Penerbangan Domestik";2016;Februari;571726;Juanda
"Jumlah Penumpang Pesawat di Bandara Utama";"Keberangkatan pada Penerbangan Domestik";2016;Februari;338482;"Ngurah Rai"
"Jumlah Penumpang Pesawat di Bandara Utama";"Keberangkatan pada Penerbangan Domestik";2016;Februari;282961;Hasanudin
"Jumlah Penumpang Pesawat di Bandara Utama";"Keberangkatan pada Penerbangan Domestik";2016;Maret;300626;Polonia
"Jumlah Penumpang Pesawat di Bandara Utama";"Keberangkatan pada Penerbangan Domestik";2016;Maret;1669840;"Soekarno Hatta"
"Jumlah Penumpang Pesawat di Bandara Utama";"Keberangkatan pada Penerbangan Domestik";2016;Maret;618357;Juanda
"Jumlah Penumpang Pesawat di Bandara Utama";"Keberangkatan pada Penerbangan Domestik";2016;Maret;388148;"Ngurah Rai"
"Jumlah Penumpang Pesawat di Bandara Utama";"Keberangkatan pada Penerbangan Domestik";2016;Maret;309626;Hasanudin
"Jumlah Penumpang Pesawat di Bandara Utama";"Keberangkatan pada Penerbangan Domestik";2016;April;297024;Polonia
"Jumlah Penumpang Pesawat di Bandara Utama";"Keberangkatan pada Penerbangan Domestik";2016;April;1654878;"Soekarno Hatta"
"Jumlah Penumpang Pesawat di Bandara Utama";"Keberangkatan pada Penerbangan Domestik";2016;April;596085;Juanda
"Jumlah Penumpang Pesawat di Bandara Utama";"Keberangkatan pada Penerbangan Domestik";2016;April;349140;"Ngurah Rai"
"Jumlah Penumpang Pesawat di Bandara Utama";"Keberangkatan pada Penerbangan Domestik";2016;April;302431;Hasanudin
"Jumlah Penumpang Pesawat di Bandara Utama";"Keberangkatan pada Penerbangan Domestik";2016;Mei;322226;Polonia
"Jumlah Penumpang Pesawat di Bandara Utama";"Keberangkatan pada Penerbangan Domestik";2016;Mei;1863374;"Soekarno Hatta"
"Jumlah Penumpang Pesawat di Bandara Utama";"Keberangkatan pada Penerbangan Domestik";2016;Mei;675702;Juanda
"Jumlah Penumpang Pesawat di Bandara Utama";"Keberangkatan pada Penerbangan Domestik";2016;Mei;427732;"Ngurah Rai"
"Jumlah Penumpang Pesawat di Bandara Utama";"Keberangkatan pada Penerbangan Domestik";2016;Mei;349507;Hasanudin
"Jumlah Penumpang Pesawat di Bandara Utama";"Keberangkatan pada Penerbangan Domestik";2016;Juni;280360;Polonia
"Jumlah Penumpang Pesawat di Bandara Utama";"Keberangkatan pada Penerbangan Domestik";2016;Juni;1542497;"Soekarno Hatta"
"Jumlah Penumpang Pesawat di Bandara Utama";"Keberangkatan pada Penerbangan Domestik";2016;Juni;523451;Juanda
"Jumlah Penumpang Pesawat di Bandara Utama";"Keberangkatan pada Penerbangan Domestik";2016;Juni;381772;"Ngurah Rai"
"Jumlah Penumpang Pesawat di Bandara Utama";"Keberangkatan pada Penerbangan Domestik";2016;Juni;277715;Hasanudin
"Jumlah Penumpang Pesawat di Bandara Utama";"Keberangkatan pada Penerbangan Domestik";2016;Juli;380567;Polonia
"Jumlah Penumpang Pesawat di Bandara Utama";"Keberangkatan pada Penerbangan Domestik";2016;Juli;1940711;"Soekarno Hatta"
"Jumlah Penumpang Pesawat di Bandara Utama";"Keberangkatan pada Penerbangan Domestik";2016;Juli;825715;Juanda
"Jumlah Penumpang Pesawat di Bandara Utama";"Keberangkatan pada Penerbangan Domestik";2016;Juli;511350;"Ngurah Rai"
"Jumlah Penumpang Pesawat di Bandara Utama";"Keberangkatan pada Penerbangan Domestik";2016;Juli;395195;Hasanudin
"Jumlah Penumpang Pesawat di Bandara Utama";"Keberangkatan pada Penerbangan Domestik";2016;Agustus;312035;Polonia
"Jumlah Penumpang Pesawat di Bandara Utama";"Keberangkatan pada Penerbangan Domestik";2016;Agustus;1730919;"Soekarno Hatta"
"Jumlah Penumpang Pesawat di Bandara Utama";"Keberangkatan pada Penerbangan Domestik";2016;Agustus;792232;Juanda
"Jumlah Penumpang Pesawat di Bandara Utama";"Keberangkatan pada Penerbangan Domestik";2016;Agustus;475869;"Ngurah Rai"
"Jumlah Penumpang Pesawat di Bandara Utama";"Keberangkatan pada Penerbangan Domestik";2016;Agustus;318159;Hasanudin
"Jumlah Penumpang Pesawat di Bandara Utama";"Keberangkatan pada Penerbangan Domestik";2016;September;278897;Polonia
"Jumlah Penumpang Pesawat di Bandara Utama";"Keberangkatan pada Penerbangan Domestik";2016;September;1639365;"Soekarno Hatta"
"Jumlah Penumpang Pesawat di Bandara Utama";"Keberangkatan pada Penerbangan Domestik";2016;September;649375;Juanda
"Jumlah Penumpang Pesawat di Bandara Utama";"Keberangkatan pada Penerbangan Domestik";2016;September;431540;"Ngurah Rai"
"Jumlah Penumpang Pesawat di Bandara Utama";"Keberangkatan pada Penerbangan Domestik";2016;September;323990;Hasanudin
"Jumlah Penumpang Pesawat di Bandara Utama";"Keberangkatan pada Penerbangan Domestik";2016;Oktober;287853;Polonia
"Jumlah Penumpang Pesawat di Bandara Utama";"Keberangkatan pada Penerbangan Domestik";2016;Oktober;1666021;"Soekarno Hatta"
"Jumlah Penumpang Pesawat di Bandara Utama";"Keberangkatan pada Penerbangan Domestik";2016;Oktober;718451;Juanda
"Jumlah Penumpang Pesawat di Bandara Utama";"Keberangkatan pada Penerbangan Domestik";2016;Oktober;430997;"Ngurah Rai"
"Jumlah Penumpang Pesawat di Bandara Utama";"Keberangkatan pada Penerbangan Domestik";2016;Oktober;319488;Hasanudin
"Jumlah Penumpang Pesawat di Bandara Utama";"Keberangkatan pada Penerbangan Domestik";2016;November;264322;Polonia
"Jumlah Penumpang Pesawat di Bandara Utama";"Keberangkatan pada Penerbangan Domestik";2016;November;1643796;"Soekarno Hatta"
"Jumlah Penumpang Pesawat di Bandara Utama";"Keberangkatan pada Penerbangan Domestik";2016;November;699285;Juanda
"Jumlah Penumpang Pesawat di Bandara Utama";"Keberangkatan pada Penerbangan Domestik";2016;November;411965;"Ngurah Rai"
"Jumlah Penumpang Pesawat di Bandara Utama";"Keberangkatan pada Penerbangan Domestik";2016;November;318297;Hasanudin
"Jumlah Penumpang Pesawat di Bandara Utama";"Keberangkatan pada Penerbangan Domestik";2016;Desember;289707;Polonia
"Jumlah Penumpang Pesawat di Bandara Utama";"Keberangkatan pada Penerbangan Domestik";2016;Desember;1963622;"Soekarno Hatta"
"Jumlah Penumpang Pesawat di Bandara Utama";"Keberangkatan pada Penerbangan Domestik";2016;Desember;693048;Juanda
"Jumlah Penumpang Pesawat di Bandara Utama";"Keberangkatan pada Penerbangan Domestik";2016;Desember;455718;"Ngurah Rai"
"Jumlah Penumpang Pesawat di Bandara Utama";"Keberangkatan pada Penerbangan Domestik";2016;Desember;350815;Hasanudin
"Jumlah Penumpang Pesawat di Bandara Utama";"Keberangkatan pada Penerbangan Domestik";2017;Januari;334556;Polonia
"Jumlah Penumpang Pesawat di Bandara Utama";"Keberangkatan pada Penerbangan Domestik";2017;Januari;1704606;"Soekarno Hatta"
"Jumlah Penumpang Pesawat di Bandara Utama";"Keberangkatan pada Penerbangan Domestik";2017;Januari;672153;Juanda
"Jumlah Penumpang Pesawat di Bandara Utama";"Keberangkatan pada Penerbangan Domestik";2017;Januari;449607;"Ngurah Rai"
"Jumlah Penumpang Pesawat di Bandara Utama";"Keberangkatan pada Penerbangan Domestik";2017;Januari;352303;Hasanudin
"Jumlah Penumpang Pesawat di Bandara Utama";"Keberangkatan pada Penerbangan Domestik";2017;Februari;259457;Polonia
"Jumlah Penumpang Pesawat di Bandara Utama";"Keberangkatan pada Penerbangan Domestik";2017;Februari;1479097;"Soekarno Hatta"
"Jumlah Penumpang Pesawat di Bandara Utama";"Keberangkatan pada Penerbangan Domestik";2017;Februari;546280;Juanda
"Jumlah Penumpang Pesawat di Bandara Utama";"Keberangkatan pada Penerbangan Domestik";2017;Februari;357173;"Ngurah Rai"
"Jumlah Penumpang Pesawat di Bandara Utama";"Keberangkatan pada Penerbangan Domestik";2017;Februari;277667;Hasanudin
"Jumlah Penumpang Pesawat di Bandara Utama";"Keberangkatan pada Penerbangan Domestik";2017;Maret;287522;Polonia
"Jumlah Penumpang Pesawat di Bandara Utama";"Keberangkatan pada Penerbangan Domestik";2017;Maret;1756665;"Soekarno Hatta"
"Jumlah Penumpang Pesawat di Bandara Utama";"Keberangkatan pada Penerbangan Domestik";2017;Maret;613925;Juanda
"Jumlah Penumpang Pesawat di Bandara Utama";"Keberangkatan pada Penerbangan Domestik";2017;Maret;378507;"Ngurah Rai"
"Jumlah Penumpang Pesawat di Bandara Utama";"Keberangkatan pada Penerbangan Domestik";2017;Maret;324880;Hasanudin
"Jumlah Penumpang Pesawat di Bandara Utama";"Keberangkatan pada Penerbangan Domestik";2017;April;294602;Polonia
"Jumlah Penumpang Pesawat di Bandara Utama";"Keberangkatan pada Penerbangan Domestik";2017;April;1802960;"Soekarno Hatta"
"Jumlah Penumpang Pesawat di Bandara Utama";"Keberangkatan pada Penerbangan Domestik";2017;April;615053;Juanda
"Jumlah Penumpang Pesawat di Bandara Utama";"Keberangkatan pada Penerbangan Domestik";2017;April;420640;"Ngurah Rai"
"Jumlah Penumpang Pesawat di Bandara Utama";"Keberangkatan pada Penerbangan Domestik";2017;April;321736;Hasanudin
"Jumlah Penumpang Pesawat di Bandara Utama";"Keberangkatan pada Penerbangan Domestik";2017;Mei;294629;Polonia
"Jumlah Penumpang Pesawat di Bandara Utama";"Keberangkatan pada Penerbangan Domestik";2017;Mei;1805970;"Soekarno Hatta"
"Jumlah Penumpang Pesawat di Bandara Utama";"Keberangkatan pada Penerbangan Domestik";2017;Mei;618375;Juanda
"Jumlah Penumpang Pesawat di Bandara Utama";"Keberangkatan pada Penerbangan Domestik";2017;Mei;442834;"Ngurah Rai"
"Jumlah Penumpang Pesawat di Bandara Utama";"Keberangkatan pada Penerbangan Domestik";2017;Mei;339579;Hasanudin
"Jumlah Penumpang Pesawat di Bandara Utama";"Keberangkatan pada Penerbangan Domestik";2017;Juni;280475;Polonia
"Jumlah Penumpang Pesawat di Bandara Utama";"Keberangkatan pada Penerbangan Domestik";2017;Juni;1788098;"Soekarno Hatta"
"Jumlah Penumpang Pesawat di Bandara Utama";"Keberangkatan pada Penerbangan Domestik";2017;Juni;539747;Juanda
"Jumlah Penumpang Pesawat di Bandara Utama";"Keberangkatan pada Penerbangan Domestik";2017;Juni;393120;"Ngurah Rai"
"Jumlah Penumpang Pesawat di Bandara Utama";"Keberangkatan pada Penerbangan Domestik";2017;Juni;295404;Hasanudin
"Jumlah Penumpang Pesawat di Bandara Utama";"Keberangkatan pada Penerbangan Domestik";2017;Juli;384004;Polonia
"Jumlah Penumpang Pesawat di Bandara Utama";"Keberangkatan pada Penerbangan Domestik";2017;Juli;2109734;"Soekarno Hatta"
"Jumlah Penumpang Pesawat di Bandara Utama";"Keberangkatan pada Penerbangan Domestik";2017;Juli;889548;Juanda
"Jumlah Penumpang Pesawat di Bandara Utama";"Keberangkatan pada Penerbangan Domestik";2017;Juli;547576;"Ngurah Rai"
"Jumlah Penumpang Pesawat di Bandara Utama";"Keberangkatan pada Penerbangan Domestik";2017;Juli;437365;Hasanudin
"Jumlah Penumpang Pesawat di Bandara Utama";"Keberangkatan pada Penerbangan Domestik";2017;Agustus;309004;Polonia
"Jumlah Penumpang Pesawat di Bandara Utama";"Keberangkatan pada Penerbangan Domestik";2017;Agustus;1891326;"Soekarno Hatta"
"Jumlah Penumpang Pesawat di Bandara Utama";"Keberangkatan pada Penerbangan Domestik";2017;Agustus;676016;Juanda
"Jumlah Penumpang Pesawat di Bandara Utama";"Keberangkatan pada Penerbangan Domestik";2017;Agustus;506510;"Ngurah Rai"
"Jumlah Penumpang Pesawat di Bandara Utama";"Keberangkatan pada Penerbangan Domestik";2017;Agustus;339820;Hasanudin
"Jumlah Penumpang Pesawat di Bandara Utama";"Keberangkatan pada Penerbangan Domestik";2017;September;305698;Polonia
"Jumlah Penumpang Pesawat di Bandara Utama";"Keberangkatan pada Penerbangan Domestik";2017;September;1787086;"Soekarno Hatta"
"Jumlah Penumpang Pesawat di Bandara Utama";"Keberangkatan pada Penerbangan Domestik";2017;September;696308;Juanda
"Jumlah Penumpang Pesawat di Bandara Utama";"Keberangkatan pada Penerbangan Domestik";2017;September;456201;"Ngurah Rai"
"Jumlah Penumpang Pesawat di Bandara Utama";"Keberangkatan pada Penerbangan Domestik";2017;September;363580;Hasanudin
"Jumlah Penumpang Pesawat di Bandara Utama";"Keberangkatan pada Penerbangan Domestik";2017;Oktober;307834;Polonia
"Jumlah Penumpang Pesawat di Bandara Utama";"Keberangkatan pada Penerbangan Domestik";2017;Oktober;1841654;"Soekarno Hatta"
"Jumlah Penumpang Pesawat di Bandara Utama";"Keberangkatan pada Penerbangan Domestik";2017;Oktober;655005;Juanda
"Jumlah Penumpang Pesawat di Bandara Utama";"Keberangkatan pada Penerbangan Domestik";2017;Oktober;414066;"Ngurah Rai"
"Jumlah Penumpang Pesawat di Bandara Utama";"Keberangkatan pada Penerbangan Domestik";2017;Oktober;355451;Hasanudin
"Jumlah Penumpang Pesawat di Bandara Utama";"Keberangkatan pada Penerbangan Domestik";2017;November;301136;Polonia
"Jumlah Penumpang Pesawat di Bandara Utama";"Keberangkatan pada Penerbangan Domestik";2017;November;1855288;"Soekarno Hatta"
"Jumlah Penumpang Pesawat di Bandara Utama";"Keberangkatan pada Penerbangan Domestik";2017;November;666423;Juanda
"Jumlah Penumpang Pesawat di Bandara Utama";"Keberangkatan pada Penerbangan Domestik";2017;November;367584;"Ngurah Rai"
"Jumlah Penumpang Pesawat di Bandara Utama";"Keberangkatan pada Penerbangan Domestik";2017;November;344065;Hasanudin
"Jumlah Penumpang Pesawat di Bandara Utama";"Keberangkatan pada Penerbangan Domestik";2017;Desember;318806;Polonia
"Jumlah Penumpang Pesawat di Bandara Utama";"Keberangkatan pada Penerbangan Domestik";2017;Desember;2108796;"Soekarno Hatta"
"Jumlah Penumpang Pesawat di Bandara Utama";"Keberangkatan pada Penerbangan Domestik";2017;Desember;735560;Juanda
"Jumlah Penumpang Pesawat di Bandara Utama";"Keberangkatan pada Penerbangan Domestik";2017;Desember;394869;"Ngurah Rai"
"Jumlah Penumpang Pesawat di Bandara Utama";"Keberangkatan pada Penerbangan Domestik";2017;Desember;366189;Hasanudin
"Jumlah Penumpang Pesawat di Bandara Utama";"Keberangkatan pada Penerbangan Domestik";2018;Januari;372984;Polonia
"Jumlah Penumpang Pesawat di Bandara Utama";"Keberangkatan pada Penerbangan Domestik";2018;Januari;1751059;"Soekarno Hatta"
"Jumlah Penumpang Pesawat di Bandara Utama";"Keberangkatan pada Penerbangan Domestik";2018;Januari;689756;Juanda
"Jumlah Penumpang Pesawat di Bandara Utama";"Keberangkatan pada Penerbangan Domestik";2018;Januari;449389;"Ngurah Rai"
"Jumlah Penumpang Pesawat di Bandara Utama";"Keberangkatan pada Penerbangan Domestik";2018;Januari;369341;Hasanudin
"Jumlah Penumpang Pesawat di Bandara Utama";"Keberangkatan pada Penerbangan Domestik";2018;Februari;290832;Polonia
"Jumlah Penumpang Pesawat di Bandara Utama";"Keberangkatan pada Penerbangan Domestik";2018;Februari;1698478;"Soekarno Hatta"
"Jumlah Penumpang Pesawat di Bandara Utama";"Keberangkatan pada Penerbangan Domestik";2018;Februari;597290;Juanda
"Jumlah Penumpang Pesawat di Bandara Utama";"Keberangkatan pada Penerbangan Domestik";2018;Februari;401856;"Ngurah Rai"
"Jumlah Penumpang Pesawat di Bandara Utama";"Keberangkatan pada Penerbangan Domestik";2018;Februari;309966;Hasanudin
"Jumlah Penumpang Pesawat di Bandara Utama";"Keberangkatan pada Penerbangan Domestik";2018;Maret;312516;Polonia
"Jumlah Penumpang Pesawat di Bandara Utama";"Keberangkatan pada Penerbangan Domestik";2018;Maret;1931117;"Soekarno Hatta"
"Jumlah Penumpang Pesawat di Bandara Utama";"Keberangkatan pada Penerbangan Domestik";2018;Maret;660707;Juanda
"Jumlah Penumpang Pesawat di Bandara Utama";"Keberangkatan pada Penerbangan Domestik";2018;Maret;427958;"Ngurah Rai"
"Jumlah Penumpang Pesawat di Bandara Utama";"Keberangkatan pada Penerbangan Domestik";2018;Maret;344360;Hasanudin
"Jumlah Penumpang Pesawat di Bandara Utama";"Keberangkatan pada Penerbangan Domestik";2018;April;324330;Polonia
"Jumlah Penumpang Pesawat di Bandara Utama";"Keberangkatan pada Penerbangan Domestik";2018;April;1949487;"Soekarno Hatta"
"Jumlah Penumpang Pesawat di Bandara Utama";"Keberangkatan pada Penerbangan Domestik";2018;April;671763;Juanda
"Jumlah Penumpang Pesawat di Bandara Utama";"Keberangkatan pada Penerbangan Domestik";2018;April;467257;"Ngurah Rai"
"Jumlah Penumpang Pesawat di Bandara Utama";"Keberangkatan pada Penerbangan Domestik";2018;April;358725;Hasanudin
"Jumlah Penumpang Pesawat di Bandara Utama";"Keberangkatan pada Penerbangan Domestik";2018;Mei;275394;Polonia
"Jumlah Penumpang Pesawat di Bandara Utama";"Keberangkatan pada Penerbangan Domestik";2018;Mei;1768565;"Soekarno Hatta"
"Jumlah Penumpang Pesawat di Bandara Utama";"Keberangkatan pada Penerbangan Domestik";2018;Mei;592835;Juanda
"Jumlah Penumpang Pesawat di Bandara Utama";"Keberangkatan pada Penerbangan Domestik";2018;Mei;433394;"Ngurah Rai"
"Jumlah Penumpang Pesawat di Bandara Utama";"Keberangkatan pada Penerbangan Domestik";2018;Mei;329273;Hasanudin
"Jumlah Penumpang Pesawat di Bandara Utama";"Keberangkatan pada Penerbangan Domestik";2018;Juni;336870;Polonia
"Jumlah Penumpang Pesawat di Bandara Utama";"Keberangkatan pada Penerbangan Domestik";2018;Juni;1998533;"Soekarno Hatta"
"Jumlah Penumpang Pesawat di Bandara Utama";"Keberangkatan pada Penerbangan Domestik";2018;Juni;706372;Juanda
"Jumlah Penumpang Pesawat di Bandara Utama";"Keberangkatan pada Penerbangan Domestik";2018;Juni;479185;"Ngurah Rai"
"Jumlah Penumpang Pesawat di Bandara Utama";"Keberangkatan pada Penerbangan Domestik";2018;Juni;378082;Hasanudin
"Jumlah Penumpang Pesawat di Bandara Utama";"Keberangkatan pada Penerbangan Domestik";2018;Juli;361523;Polonia
"Jumlah Penumpang Pesawat di Bandara Utama";"Keberangkatan pada Penerbangan Domestik";2018;Juli;2132360;"Soekarno Hatta"
"Jumlah Penumpang Pesawat di Bandara Utama";"Keberangkatan pada Penerbangan Domestik";2018;Juli;856010;Juanda
"Jumlah Penumpang Pesawat di Bandara Utama";"Keberangkatan pada Penerbangan Domestik";2018;Juli;546118;"Ngurah Rai"
"Jumlah Penumpang Pesawat di Bandara Utama";"Keberangkatan pada Penerbangan Domestik";2018;Juli;431134;Hasanudin
"Jumlah Penumpang Pesawat di Bandara Utama";"Keberangkatan pada Penerbangan Domestik";2018;Agustus;317360;Polonia
"Jumlah Penumpang Pesawat di Bandara Utama";"Keberangkatan pada Penerbangan Domestik";2018;Agustus;1932013;"Soekarno Hatta"
"Jumlah Penumpang Pesawat di Bandara Utama";"Keberangkatan pada Penerbangan Domestik";2018;Agustus;720669;Juanda
"Jumlah Penumpang Pesawat di Bandara Utama";"Keberangkatan pada Penerbangan Domestik";2018;Agustus;509666;"Ngurah Rai"
"Jumlah Penumpang Pesawat di Bandara Utama";"Keberangkatan pada Penerbangan Domestik";2018;Agustus;361565;Hasanudin